time,seconds_elapsed,altitude,speedAccuracy,bearingAccuracy,latitude,altitudeAboveMeanSeaLevel,bearing,horizontalAccuracy,verticalAccuracy,longitude,speed
1785389235989471000,-8.869529052734375,175.34719757080077,-1,-1,40.97657805660871,138.75719741821288,-1,37.6471412028383,30,29.138442205395016,-1
1785389244909736200,0.050736083984375,175.34719757080077,-1,-1,40.97657805660871,138.75719741821288,-1,37.6471412028383,30,29.138442205395016,-1
1785389244910472000,0.051471923828125,173.9220518117162,-1,30.220564420801452,40.9763614683285,137.3320516591283,211.32732333538013,39.57518461234983,45.67579632440634,29.138483152181564,-1
1785389246338961200,1.479961181640625,173.53391154764068,-1,34.245593528426056,40.97613809853842,136.9439113950528,212.26428868572248,39.92958335722458,48.76208593025059,29.138483680459572,-1
1785389248710670000,3.851670166015625,173.1436767578125,2.4700000286102295,36.552669173577435,40.976110096127705,136.5536766052246,105.46875,29.06215008265472,24,29.13854266519578,0.7200000286102295
1785389249712673800,4.853673828125,166.4844970703125,0.7099999785423279,36.82769015560258,40.97618955656977,129.8944969177246,105.46875,14,3,29.138489272472576,0.7200000286102295
1785389250710028800,5.85102880859375,167.036865234375,0.5899999737739563,36.552669173577435,40.97618817355575,130.4468650817871,105.46875,14,3,29.13849287669094,0.6100000143051147
1785389251711399200,6.852399169921875,167.6973876953125,0.6899999976158142,36.552669173577435,40.97619140058847,131.1073875427246,105.46875,14,3,29.138484830063895,0.5699999928474426
1785389252716384000,7.857384033203125,167.1961669921875,1.1299999952316284,-1,40.97613553520383,130.6061668395996,-1,21.975535404576977,3,29.138436969396786,0.27000001072883606
1785389253755772200,8.896772216796874,167.1065673828125,1.059999942779541,87.87913997473,40.97614903006794,130.5165672302246,136.40625,21.767766507464174,3,29.13844644094737,0.33000001311302185
1785389254999601400,10.140601318359375,167.48883056640625,1.440000057220459,80.61685254725472,40.97614861097278,130.89883041381836,122.6953125,21.767766507464174,3,29.13845482285054,0.33000001311302185
1785389255999649500,11.1406494140625,167.08258056640625,1.0399999618530273,13.346668605220463,40.97612711139114,130.49258041381836,155.390625,21.767766507464174,3,29.13848306986423,0.6200000047683716
1785389256999683800,12.140683837890625,166.920166015625,1.0499999523162842,13.54316631745256,40.97610075030567,130.3301658630371,153.6328125,21.767766507464174,3,29.138514753458217,5.03000020980835
1785389257999745300,13.140745361328126,166.87890625,0.7900000214576721,6.93185226694016,40.97604681275876,130.2889060974121,161.3671875,3.5355339059327373,3,29.138542078462557,7.409999847412109
1785389258999807200,14.14080712890625,167.768798828125,0.8999999761581421,8.567592926925357,40.97599400676878,131.1787986755371,159.609375,14,3,29.138574767884926,6.869999885559082
1785389259999848400,15.140848388671875,167.68994140625,1.5499999523162842,13.62299927601896,40.975911696569966,131.0999412536621,159.49362182617188,14,3,29.13853177075541,7.369999885559082
1785389260999912200,16.140912109375,167.689945705235,1.549999952315245,17.041265154734813,40.97584960039626,131.0999455526471,159.49362182617188,4.748651530192462,4.029364438187739,29.138562414328984,7.369999885554142
1785389261999975200,17.14097509765625,167.29748770408332,1.6000000238412753,23.875792920265905,40.97582191657045,130.70748755149543,159.49362182617188,4.7486515301921415,4.029364438188116,29.138576075901785,5.429999828336646
1785389263000012800,18.1410126953125,167.2504295958206,0.9999999999996362,14.922370352805562,40.97577751680969,130.66042944323272,159.49362182617188,4.7486515301921415,4.029364438188116,29.1385979865486,5.429999828336648
1785389264000063000,19.14106298828125,167.2283955225721,0.41999998688685053,7.258974518679376,40.97574388432845,130.6383953699842,159.49362182617188,4.748651530192078,4.029364438188191,29.138614583699255,4.960000038145465
1785389265000121600,20.14112158203125,166.97162061743438,0.7300000190732648,11.925561101228833,40.975686303217685,130.3816204648465,159.49362182617188,4.748651530192078,4.029364438188191,29.13864299915229,4.960000038145467
1785389266000159200,21.1411591796875,166.748662606813,0.920000016688528,9.035902100620266,40.97559160357092,130.15866245422512,159.621826171875,4.748651530192638,4.02936443818753,29.138689622859115,8.249999999993072
1785389267000216000,22.141216064453126,166.41614385135472,1.370000004767054,12.57180103371434,40.9755139007613,129.82614369876683,159.621826171875,4.748651530192767,4.029364438187381,29.138727706791556,8.829999923697564
1785389268000265200,23.14126513671875,165.7217461047694,1.9900000095350712,19.545048848058812,40.9754526239927,129.13174595218152,159.621826171875,4.748651530192429,3.8792195473688467,29.1387577399419,8.249999999993069
1785389269000292400,24.141292236328123,164.61768142227083,1.2799999713886432,12.274134869131286,40.97537648248742,128.02768126968294,159.621826171875,4.748651530192562,3.9478819869160384,29.13879505863952,8.449999809257696
1785389270000322000,25.141322021484374,163.9202320612967,1.9800000190719396,20.15532265274207,40.97530826556484,127.33023190870881,159.621826171875,4.7486515301920775,3.633069596227519,29.13882849336041,7.960000038140755
1785389271000350000,26.141349853515624,163.5168507117778,2.6600000858286093,27.07735326756549,40.9752644846767,126.92685055918992,138.0469512939453,4.748651530191572,3.181538302648149,29.138924973518833,7.96000003814075
1785389272000378000,27.141378173828127,162.9920082297176,1.4099999666205576,26.650913197958687,40.97524090591902,126.40200807712972,138.0469512939453,4.748651530192013,3.643319422732626,29.13893939714658,6.960000038142821
1785389273000407000,28.141406982421874,162.69507008325309,1.9900000095362158,34.75143483541002,40.975225399630766,126.1050699306652,138.0469512939453,22.096388429299843,3.0000000000207745,29.1389577887183,4.6399998664843665
1785389274000435000,29.14143505859375,162.61877661198378,2.749999999999065,42.443483475977835,40.97518897549184,126.02877645939589,138.0469512939453,22.597779220214957,3.000000000027899,29.138997030866836,5.2499999999982165
1785389275000463400,30.14146337890625,162.00500708073378,1.8099999427789262,73.66955978392211,40.9752033755989,125.41500692814589,138.0469512939453,22.596367105313202,3.000000000027896,29.13899041145744,5.2499999999982165
1785389276000493000,31.1414931640625,162.09399457369,0.4300000071525304,15.41692131056203,40.97520300285264,125.5039944211021,138.0469512939453,22.06611937150011,3.0000000000049125,29.138984352913347,2.259999990463115
1785389277000520700,32.141520751953124,162.21728559117764,0.7185619110417243,25.76281919773802,40.975194017438646,125.62728543858975,138.0469512939453,21.767766507463513,3.000000000004782,29.139014557638383,2.2599999904631147
1785389278000549000,33.141549072265626,161.99633899796754,0.7300000190733634,15.986698041814222,40.97515449798824,125.40633884537965,138.0469512939453,21.76776650746241,3.0000000000127787,29.139041883186266,3.7000000476830928
1785389279000578000,34.141578125,161.7663585320115,1.749999999999705,38.32427512629735,40.97514012063815,125.17635837942362,138.0469512939453,21.767766507462408,3.000000000012811,29.139065335550743,3.7000000476830914
1785389280000606000,35.14160595703125,160.4612437840551,1.129999995231438,24.746531834269017,40.975108681128354,123.87124363146722,138.0469512939453,21.767766507462408,3.0000000000128035,29.13910267619174,3.7000000476830928
1785389281000634600,36.14163452148438,151.51095659192652,1.6583398123021655,24.946346872686302,40.97504807803924,114.92095643933862,138.14927673339844,7.999999910313202,3.0238477699517903,29.139134805914757,5.3853998642230785
1785389282000661200,37.1416611328125,150.6446854704991,1.718484599104301,34.775738603152384,40.9750331363078,114.05468531791121,138.14927673339844,7.9999999720433825,3,29.13915784437532,4.001566573166142
1785389283000689200,38.141689208984374,150.66525365319103,1.3190678000386065,20.579297567734024,40.974995168402856,114.07525350060314,138.14927673339844,7.999999979787006,3,29.139229580777833,5.192514294946818
1785389284000718300,39.14171826171875,150.1728140404448,1.4374601252712746,35.044190291532125,40.97497321255734,113.5828138878569,138.14927673339844,8.251744290559332,3,29.139238361054705,3.3214033002422907
1785389285000746800,40.141746826171875,149.47100120969117,1.2922345306400638,19.341214398552577,40.974933682347334,112.88100105710328,138.14927673339844,8.20139541834758,3,29.139310992058054,5.411409633826608
1785389286000775200,41.14177514648438,148.98982798028737,0.7151922606621176,10.427550811215813,40.97487937131645,112.39982782769948,138.14927673339844,8.15673465315904,3.685602728951672,29.139359654144393,5.526214588512017
1785389287000803000,42.14180297851563,149.55483714211732,0.9050491384714598,13.419985163770475,40.97483594700875,112.96483698952943,138.14927673339844,8.128475317682332,3.511545680618333,29.139406842945576,5.464221761855147
1785389288000830200,43.141830322265626,148.32085779309273,0.9315045443162315,10.990836563881325,40.97478517019653,111.73085764050484,130.1900634765625,8.098829057656507,3.380673142588263,29.13948710282884,6.840771085209643
1785389289000859000,44.14185888671875,147.53759684879333,0.7858274737157319,8.805702277339144,40.97473712344843,110.94759669620544,130.1900634765625,8.073057297353987,3.505744558532851,29.139559149621917,7.19363600244674
1785389290000886000,45.14188598632813,146.78014203812927,0.7134443804438437,8.664206191067183,40.97469927201932,110.19014188554138,130.1900634765625,8.055098611671914,3.5993176080841875,29.13961879399532,6.640645007146654
1785389291000915200,46.141915283203126,146.78428891394287,0.7151217516577849,11.58479431476042,40.9746795641539,110.19428876135498,130.1900634765625,8.044078909451818,3.941515527316549,29.139656056489713,4.975294427102918
1785389292000941600,47.14194165039063,146.2916499832645,0.7085613475292406,16.02996818439397,40.97466608183929,109.70164983067662,130.1900634765625,8.036732440803899,3.3208874071744248,29.139679637179015,3.5378129383374164
1785389293000969500,48.14196948242188,146.0033004237339,0.9114437630628094,17.19258522381801,40.97464494481428,109.413300271146,130.1900634765625,8.186006323285952,4.936771524952316,29.13971934283151,4.2090353082706935
1785389294000998100,49.141998046875,146.99127601552755,0.9344518096688642,18.960574838291638,40.97462438179628,110.40127586293966,130.1900634765625,8.162755580264351,4.80497048700946,29.13975295542545,3.992752692855844
1785389295001026000,50.142026123046875,146.96117925737053,0.7919108860683584,18.800073613025624,40.97460793837576,110.37117910478264,130.1900634765625,8.144671689792707,5.076747665132414,29.13978107223261,3.4104714034773354
1785389296001054200,51.14205419921875,146.9682343248278,0.9363923995043062,19.137607870906574,40.97458368043288,110.3782341722399,130.10986328125,8.130204590584796,4.634182026115508,29.13981997075603,3.9639008875025032
1785389297001081600,52.14208154296875,147.24943985696882,0.9598822793941867,17.63222398448465,40.974553677535084,110.65943970438093,130.10986328125,8.184288970631375,4.269582522916503,29.13986500390459,4.409469008119263
1785389298001109200,53.142109130859374,147.59816298354417,0.7697103819930792,11.775330290265396,40.97451392808687,111.00816283095628,130.10986328125,8.168931539349236,4.573523428635529,29.139919286348054,5.293548969592992
1785389299001137200,54.14213720703125,146.34879746567458,0.7167517976313236,10.068087779811629,40.974471397221386,109.75879731308669,130.10986328125,8.155695091327336,4.5612187152351344,29.139971741294296,5.754767442321604
1785389300001164800,55.142164794921875,146.61715637985617,0.7182853413281292,10.665271332651105,40.974435974251556,110.02715622726828,130.10986328125,8.144573936005225,4.5572127629528865,29.140001690097517,5.455159363838274
1785389301001193500,56.142193359375,146.6493226280436,0.7185468820919467,8.556080371101118,40.974402147951416,110.0593224754557,130.10986328125,8.13460851677464,5.366040232253404,29.140081066804473,6.804633978418047
1785389302001220000,57.14222021484375,147.12158713955432,0.718189936489282,7.253966717870471,40.97435617640324,110.53158698696643,130.10986328125,8.110428022871726,5.717853908931057,29.14017587760533,8.494975919281504
1785389303001252000,58.14225219726563,145.84360365290195,0.7173118777298019,7.243214077179025,40.97431971708119,109.25360350031406,126.39005279541016,8.084546283918634,5.862507102832854,29.140252363968425,8.203206213251363
1785389304001276700,59.14227661132813,143.71798736415803,0.7680642812438986,7.367642793495432,40.974268192266514,107.12798721157014,126.92936706542969,8.059149357682315,5.286113580010621,29.140327660206278,8.35858685030279
1785389305001305000,60.14230517578125,145.46926554571837,0.772707484833141,7.2521997715202895,40.97420748616107,108.87926539313048,126.92936706542969,8.037237960990701,5.281049787693605,29.14041698065024,9.030666369310945
1785389306001332200,61.14233227539062,145.2705676238984,0.7182933365520617,7.257633936115123,40.97416323187494,108.6805674713105,126.92936706542969,8.023693332494755,5.355147586481236,29.140510778732942,9.082381191524984
1785389307001359000,62.142359130859376,145.64451391622424,0.7181254787888666,7.253508072678898,40.97413076598977,109.05451376363635,117.17725372314453,8.015445328707797,7.054621292149242,29.14060100721632,8.695996660975513
1785389308001387300,63.14238720703125,147.85788914188743,0.7131950754774462,7.203079846601731,40.974076875330134,111.26788898929954,117.17725372314453,8.009731144620362,6.958461109916524,29.1407181467498,10.944979501191433
1785389309001420000,64.142419921875,148.58079023100436,0.757368814651796,7.239130328832011,40.974022507957756,111.99079007841647,117.17725372314453,8.262828679581459,5.791237975376393,29.140830179452195,11.55361332616752
1785389310001442800,65.14244287109375,148.8381476122886,1.0099107111368402,7.249467375178885,40.97398360066366,112.2481474597007,117.19642639160156,8.14266026356891,5.681374161439137,29.14096131475218,12.034854048500161
1785389311001471000,66.14247094726562,147.88269201479852,0.8969421595938495,7.258861741501473,40.97394208279047,111.29269186221063,117.19642639160156,8.078353809280383,6.195896214760052,29.14107413140632,11.706584744005978
1785389312001498600,67.14249853515625,150.77788431290537,0.7639427179255774,7.239433511044978,40.9738701884782,114.18788416031748,117.19642639160156,7.688720804213429,6.722670737811378,29.14123610416332,13.486859746462926
1785389313001525800,68.14252587890626,153.183488227427,0.7784219049323503,7.193758478556673,40.97383112689556,116.59348807483912,117.19642639160156,7.050327711443335,6.661397957577729,29.141358648491178,12.556543909793252
1785389314001553400,69.14255346679687,152.02918203547597,0.7188747346068736,7.2550259442567775,40.97379744457284,115.43918188288808,117.03587341308594,6.713503243704985,5.800548655007847,29.14146452243761,11.169993148008766
1785389315001581600,70.14258154296876,152.46010967623442,0.7294584008925697,7.2560012979729756,40.97375427178004,115.87010952364653,116.92314147949219,4.613942078153429,3.6622108919854965,29.141574391545184,10.779760805359098
1785389316001609000,71.14260888671875,153.43423387873918,0.7002941657162962,7.245670052297073,40.973718383692116,116.84423372615129,116.92314147949219,4.233044900914868,3.7908909572504013,29.14170284019514,10.941141499864546
1785389317001636900,72.14263696289062,153.49888728838414,0.7183881359237072,7.257550141770487,40.97367393824954,116.90888713579625,108.99998474121094,5.8253492154690845,6.619935729833469,29.1417789061176,9.159085745667213
1785389318001664500,73.14266455078125,154.73488002084196,0.7171395686098644,7.246717571705906,40.973637061688656,118.14487986825407,108.99998474121094,6.727543082898583,8.30351563665262,29.141878874519268,9.057164616501865
1785389319001692200,74.14269213867188,157.00730503443629,0.7117799367677464,7.208828786369239,40.97362129411715,120.4173048818484,108.99998474121094,7.232733809038714,8.622654452587033,29.141982375176347,9.100269797242108
1785389320001720000,75.14271997070313,158.04670800082386,0.7141502366700939,7.208232693174677,40.97361712473628,121.45670784823596,103.13552856445312,7.489133290751004,8.915692577404204,29.142075606499652,8.495530637964702
1785389321001748500,76.14274853515624,158.5275524724275,0.7901740960495526,7.865023433401929,40.973608105733106,121.9375523198396,102.69828033447266,7.65534104563606,8.33381418754031,29.142164934178357,8.12741211740165
1785389322001775600,77.14277563476563,156.86595924012363,0.718323719917692,8.294251196458136,40.973596012077195,120.27595908753574,102.69828033447266,7.748694219442756,9.534413870941382,29.142229685233087,7.019652551572137
1785389323001803500,78.14280346679688,156.09111859556288,0.7184008383406959,7.256871093292391,40.973586019085246,119.50111844297498,102.69828033447266,7.819470745492056,9.277278394493022,29.14233568080973,8.024636842542398
1785389324001831200,79.1428310546875,155.79673209041357,0.7183056596169562,7.256217167686915,40.97357054112391,119.20673193782568,103.05242156982422,7.873722438586873,8.232216901248835,29.142434432536373,8.349138783725184
1785389325001859600,80.14285961914062,155.374027476646,0.7185564634740017,7.258910359629839,40.973550410632015,118.78402732405812,103.05242156982422,7.915328801613236,7.897036258231684,29.14252907045453,8.337265755487403
1785389326001885700,81.1428857421875,155.0414075581357,0.7185439451205831,7.258751587006342,40.973528121209256,118.4514074055478,103.05242156982422,7.9432819908575105,8.0385281061855,29.1426237946672,8.257391057143419
1785389327001913600,82.14291357421875,154.56113104335964,0.7184223385732668,8.11235851972819,40.973509162207534,117.97113089077175,102.85477447509766,7.961344090516218,8.144762538229028,29.14270130991008,7.177119334150433
1785389328001941200,83.14294116210938,153.97863825503737,0.7175429428267366,8.124129157249094,40.97349182834073,117.38863810244948,102.85477447509766,7.97279991722277,7.306824661960696,29.142782384158355,7.16329491696665
1785389329001969400,84.14296948242188,154.94954358693212,0.7166315516810996,7.237097750424925,40.97346644110046,118.35954343434423,102.85477447509766,7.981281996096946,6.55961353285573,29.142874945560827,8.061696321873752
1785389330001996800,85.14299682617188,154.34530383255333,0.7182563474873706,7.256405404318478,40.97344423036152,117.75530367996544,102.85477447509766,7.987264896261035,6.2061969703278645,29.14297665904765,8.603187716775084
1785389331002024700,86.14302465820313,155.19709894713014,0.7161782898515952,7.235322435089621,40.97343482387491,118.60709879454225,102.85477447509766,7.992170525187023,6.750801511752986,29.1431068438868,9.882060999832401
1785389332002054000,87.14305395507813,155.04430379159749,0.7178209980027492,7.252350883273918,40.973421800291824,118.4543036390096,93.23442077636719,7.9952633025985,6.358721797876306,29.14323180994145,10.393720798273268
1785389333002080000,88.143080078125,155.21573862433434,0.7180492255202054,7.254183139027197,40.97341950687008,118.62573847174644,87.56346130371094,7.997131908442173,6.564103606924155,29.14335173858737,10.42242009465668
1785389334002111000,89.14311108398438,155.29809803888202,0.7185076645001552,7.258312546992444,40.973422489787936,118.70809788629413,87.56346130371094,7.998277352199343,6.546476248335097,29.143470884469,10.128967346304531
1785389335002135600,90.14313549804687,155.21822024136782,0.7184893037802887,7.2588831741532225,40.97343443214263,118.62822008877993,87.56346130371094,7.998955111096927,6.993227583072932,29.143583287018078,9.656348870245482
1785389336002162000,91.14316186523438,156.7736503938213,0.7164513347890279,7.234581954268151,40.973434237187,120.18365024123341,87.38790130615234,7.999356741294753,7.663384032202506,29.14369557300927,9.367851148276927
1785389337002189000,92.14318896484374,156.21650037541986,0.704952089340238,7.257094404705199,40.97344067167325,119.62650022283196,87.38790130615234,5.931663757794291,5.000478112874434,29.143799370018332,8.878465113403667
1785389338002217700,93.1432177734375,155.31467822752893,0.8427465135109466,8.228314049477962,40.97343791835023,118.72467807494104,84.00914001464844,4.572165350710035,3,29.14389556970039,8.29621138142725
1785389339002244900,94.14324487304688,155.98105787858367,0.7796653085425724,7.903227964117244,40.97345941749921,119.39105772599578,84.00914001464844,4.30548691877085,3,29.14398345572266,7.993083035048031
1785389340002274000,95.14327416992188,156.223901797086,0.9570783126325438,9.1123600270727,40.9734752663923,119.63390164449811,84.32140350341797,4.241492923405094,3,29.144090472716073,8.508861669568342
1785389341002301200,96.14330126953125,155.89013828989118,0.8157603181849461,7.642658610576613,40.9734855294334,119.30013813730329,84.32140350341797,4.497544144457785,3,29.144197388471916,8.653441124532026
1785389342002328300,97.14332836914062,157.36445358023047,0.7440801413090555,8.448185000609664,40.97348224320748,120.77445342764258,84.32140350341797,4.2183188807778675,3,29.14426235705432,7.122606908815068
1785389343002356500,98.1433564453125,157.94850518740714,0.7123802939012613,8.1132157008682,40.97347779485593,121.35850503481925,96.74256134033203,4.157668248630034,3,29.144344886234045,7.092908410960901
1785389344002384600,99.14338452148438,158.0542632425204,0.7307036425776636,8.395506230057018,40.97347363714618,121.4642630899325,96.74256134033203,3.934809619506169,3,29.14442822181412,7.044904823063441
1785389345002412000,100.143412109375,156.93307022750378,0.8236740123397772,10.916613565371586,40.97348030043071,120.34307007491589,96.74256134033203,4.041521502711049,3,29.144499431017504,6.101659399232846
1785389346002439400,101.143439453125,156.76331707369536,0.7739581887400188,9.5882504118496,40.97341916886838,120.17331692110747,132.16819763183594,3.8523195697707293,3,29.14454797678935,6.530957442970307
1785389347002468600,102.14346850585937,156.05530517175794,0.7453088463207893,9.73634731060386,40.97338348534527,119.46530501917005,132.16819763183594,4.352746073480663,3,29.144599959269236,6.171437419634845
1785389348002494700,103.14349462890625,156.63233837205917,0.7983953295301949,7.700955866680907,40.973291346574634,120.04233821947128,178.2897186279297,4.834856883497739,3,29.144628779330453,8.386210550899287
1785389349002522400,104.1435224609375,157.57646264974028,0.8007402047438072,7.2566022063438815,40.97320094632561,120.98646249715239,178.2897186279297,3.869678723397202,3,29.144606193390683,9.268400240088218
1785389350002550500,105.14355053710938,157.29160372260958,0.7308671514116475,7.256832179878694,40.97313210720116,120.70160357002169,178.2897186279297,3.6765918618002713,3,29.14462094570072,8.416355209419645
1785389351002579200,106.1435791015625,157.19330499321222,0.8685868133300014,8.743866187097384,40.973060569732844,120.60330484062433,170.41763305664062,4.872751371088795,3,29.14463261797209,8.048392028169147
1785389352002605600,107.14360546875,156.8936632266268,1.0304314283268143,11.39525826683175,40.97299237482312,120.30366307403892,170.41763305664062,4.090925231462104,3,29.144640727173464,7.326228165340732
1785389353002633200,108.14363330078125,155.90624878183007,0.8195797097846492,8.78554519519468,40.972925124297944,119.31624862924218,170.41763305664062,5.271339491390408,3,29.14464217628607,7.537433354606294
1785389354002661000,109.1436611328125,155.90022757742554,0.7537367977453424,7.737897796480832,40.97286290008561,119.31022742483765,170.41763305664062,6.0336858233141575,3.4293001174620694,29.144669417829306,7.881120718370458
1785389355002688000,110.14368798828124,157.74313678685576,0.7174578671001973,7.245728697032373,40.97277244238212,121.15313663426787,163.47494506835938,6.662642206332382,4.3110330491699616,29.144705314547778,9.480642285578531
1785389356002716400,111.14371630859375,157.98875470180064,0.7181217468660805,7.252206201234121,40.97267700023331,121.39875454921275,162.64805603027344,7.181729147351641,4.869937644431314,29.144738006306685,10.645450819356059
1785389357002744000,112.143744140625,160.67519155237824,0.7125202647460323,7.153558054773229,40.972585185662915,124.08519139979035,162.76429748535156,7.51244370738021,5.170936499816041,29.144772863942492,10.901286342837823
1785389358002771700,113.14377172851563,160.62411122396588,0.716638073839482,7.23499415250368,40.972473467191755,124.03411107137799,157.5093536376953,7.741141994783397,5.373636406519306,29.144834230930304,12.367943896788226
1785389359002799900,114.1437998046875,159.75052210967988,0.7183160499936868,7.258781077999542,40.97236405930211,123.16052195709199,157.5093536376953,7.867107869113387,5.482861588331907,29.144887945736908,12.836407106704966
1785389360002827000,115.14382690429687,162.973824294284,0.7131590540407523,7.211118768645697,40.97225521457564,126.3838241416961,149.5215606689453,7.934765416899275,5.490352716996877,29.144941631683377,12.948979532736235
1785389361002854000,116.14385400390626,162.00214945245534,0.718256641144161,7.256308444074113,40.972149357244,125.41214929986745,149.5215606689453,7.967242339783633,5.480670647491709,29.14503828395547,13.583477433943703
1785389362002881500,117.14388159179687,163.07013435661793,0.7178503492424864,7.254250665680888,40.97204764908114,126.48013420403004,143.41770935058594,7.984423187499794,5.199904164189733,29.14514152040056,14.015313698526953
1785389363002909700,118.14390966796876,164.4746415670961,0.7171863402181065,7.242324790096711,40.971954853204146,127.88464141450822,133.85006713867188,7.99258986134225,5.78567622838384,29.145265721648492,14.557518880747576
1785389364002936300,119.14393627929688,165.16428112704307,0.7903783060982874,7.252209716189205,40.97185619227536,128.57428097445518,133.8113555908203,9.314646374501717,5.6789887763240445,29.145389572834702,15.074369586735031
1785389365002965500,120.14396557617188,166.62965930067003,0.9300866839448119,7.251045719850064,40.97176959451818,130.03965914808214,132.54432678222656,8.717464689171404,4.239113910096264,29.145503729770496,14.456144297747844
1785389366002993000,121.14399291992187,167.74350917618722,0.7166860721217404,7.241860686744636,40.97169654707741,131.15350902359933,132.51959228515625,9.427054326764873,6.797045027013324,29.145659617133113,14.902469934676915
1785389367003021300,122.14402124023438,171.21588827110827,0.7925184508329357,7.2096594636075135,40.97161807950653,134.62588811852038,132.288818359375,8.675841337399035,6.281332022490232,29.145778408544142,14.018198753867459
1785389368003047700,123.14404760742187,169.8417155239731,0.7172513343610314,7.2483670703724075,40.97155042507904,133.25171537138522,132.288818359375,8.348236515170509,6.7278126989113245,29.145857971214877,11.664709112064665
1785389369003075600,124.14407568359375,166.13805136363953,0.7125045643231065,7.207258813606667,40.97147289793787,129.54805121105164,132.288818359375,8.179929551022699,6.4297832236549715,29.14595371753749,11.12182755774581
1785389370003104000,125.14410400390625,169.52747791074216,0.7177075320580737,7.251640354919298,40.971368715072984,132.93747775815427,140.9696044921875,8.087992277993115,6.844476052007533,29.146073285634024,13.246629293527247
1785389371003131400,126.14413134765626,170.70189495570958,0.7530044160468607,7.251141332631217,40.971266233825624,134.1118948031217,140.9696044921875,8.044736851771848,5.712103792966363,29.146152225291672,13.590692636217717
1785389372003161900,127.14416186523438,171.60947815794498,1.9772386395927117,12.869477234201572,40.97117585225525,135.0194780053571,167.9543914794922,8.022715046295392,4.481195208477945,29.146221858905776,12.438065624756135
1785389373003186000,128.14418603515625,171.07117246557027,1.0370625008577057,7.833896348982176,40.971088306265145,134.48117231298238,187.62066650390625,8.012901612988767,4.794863850179111,29.146194756267636,10.72561056283701
1785389374003214300,129.14421435546876,172.4847043165937,0.9673071664904311,7.240744285081605,40.97099408358915,135.89470416400582,187.62066650390625,8.00731080240943,4.8846164699907275,29.146163726555244,10.97287735490323
1785389375003242000,130.14424194335936,173.3129408629611,1.0854982727569114,7.733611146789365,40.97090988612308,136.72294071037322,204.453125,8.003971004691401,4.326552947411137,29.14608752983624,11.345127401924337
1785389376003269000,131.14426904296874,173.95564312208444,0.9407482302966855,7.237747162199876,40.97084493217435,137.36564296949655,227.09043884277344,8.002197860438883,5.260046967048941,29.14597918082317,11.884011434503497
1785389377003297300,132.14429736328125,174.8625618973747,1.1028657640826152,7.2428890043898955,40.970759573544555,138.2725617447868,227.09043884277344,9.086647116006421,4.791902277110327,29.145858021751337,13.206087646406816
1785389378003325000,133.14432495117188,175.4156769644469,1.2737531064927121,7.365376249198387,40.970678040422825,138.825676811859,226.84771728515625,8.534962947807221,3.740512804798644,29.145727295374396,13.990015502168923
1785389379003352000,134.14435205078124,174.1943129505962,0.9551041785070925,7.258833314143631,40.97061569847614,137.60431279800832,226.84771728515625,8.294767351506488,5.282772221854841,29.145639554874208,12.98672379758411
1785389380003380700,135.14438061523438,174.95896031614393,0.982135278471824,7.257114442747973,40.97052239134761,138.36896016355604,219.00643920898438,8.148514750189772,4.950063904600153,29.145530774467254,13.376994778417021
1785389381004877600,136.14587768554688,174.69259058963507,0.9185888855858676,7.258788412015206,40.97042302272111,138.10259043704718,219.00643920898438,8.072232190559548,5.1255072423019685,29.145424578554575,13.904538248422629
1785389382004775000,137.14577490234376,176.37086202111095,0.9153427482745591,7.247895938718504,40.97033890662824,139.78086186852306,222.3483428955078,8.035248543373974,5.130795273397918,29.14532429038013,13.494073896009851
1785389383004621300,138.14562133789062,176.5646059345454,1.0065915510288135,7.25428463362999,40.9702542063687,139.9746057819575,222.3483428955078,10.065302813397315,5.680713489306361,29.145222425385164,13.079535040038708
1785389384004456400,139.14545654296876,176.40628464147449,1.1601078668966707,7.258682762881165,40.97016521795695,139.8162844888866,222.2352752685547,9.854229800749556,4.221267392624332,29.145115658602112,13.051577347593117
1785389385004275000,140.14527490234374,178.344565724954,0.9657331179664271,7.247822302381204,40.97009271333085,141.75456557236612,222.2352752685547,9.887810710012678,4.712261828359076,29.145028807293052,12.271183087039583
1785389386004072700,141.14507275390625,180.44964485429227,0.9063665139744727,7.21472082556211,40.97001859202565,143.85964470170438,222.2352752685547,9.033675112216613,5.1243677078823655,29.14494001907327,11.92393325032568
1785389387003893800,142.14489379882812,181.72596993763,0.9416958538533031,7.219139599232349,40.96993854842816,145.1359697850421,222.23748779296875,8.537797605946475,4.82120202185251,29.144844136494125,12.022436114588023
1785389388003713500,143.14471362304687,182.79647794086486,0.9821526406521867,7.235123353752303,40.96988513426984,146.20647778827697,238.16705322265625,8.2743563407143,4.280450112459318,29.14470904954968,12.930626113910819
1785389389003521500,144.144521484375,183.66718211304396,0.9262130876002262,7.2434667028165896,40.96981839904331,147.07718196045607,238.30050659179688,8.309048665017155,4.344209544357244,29.144566623602532,13.605677412310914
1785389390003352800,145.14435278320312,183.48958738148212,0.9440148729285773,7.256381981891713,40.96978061707191,146.89958722889423,247.2755584716797,8.148652455909506,4.467526988872523,29.144428427963177,13.008889399348414
1785389391003197400,146.14419750976563,184.13617273792624,0.9182385578577701,7.256154950262762,40.96974622575785,147.54617258533835,247.2755584716797,8.07846056117758,4.600507665299715,29.14432008839206,11.352775709174479
1785389392003023600,147.14402368164062,184.59856932330877,0.9489926708820972,7.555746895401292,40.969713320525756,148.00856917072088,247.03907775878906,8.04382666831192,4.538220121460105,29.14421729932933,10.173960075034811
1785389393002876000,148.1438759765625,184.8867425331846,0.9730941333892786,8.962519166885633,40.96967796501324,148.2967423805967,239.62557983398438,8.026195686170581,4.683271207556885,29.14413633408103,8.79625206151764
1785389394002738700,149.14373876953124,186.21558924484998,0.9073860514217524,9.91976370222916,40.96965150229404,149.6255890922621,239.62557983398438,8.016753959320278,4.843087484364764,29.14407676494393,7.3909495661211215
1785389395002589200,150.1435891113281,186.09920948464423,0.9136165837024173,10.943194198332593,40.969611623726614,149.50920933205634,234.38865661621094,8.012226073483673,4.948956082703629,29.144024527847147,6.761523837025823
1785389396002449400,151.14344946289063,186.15317311603576,0.9558518095920204,11.478658337459077,40.96958908610507,149.56317296344787,234.38865661621094,8.009560315558314,5.5783729812548515,29.143952773942676,6.747061017459941
1785389397002317800,152.14331787109376,185.888686128892,0.9137315038139191,9.779313679306316,40.969554862706204,149.2986859763041,234.38865661621094,8.007306604711815,6.466138720930079,29.143868573531694,7.57337858696386
1785389398002195000,153.14319482421874,186.84893456008285,0.9150081451057435,9.706504236474656,40.96951257913751,150.25893440749496,229.79315185546875,8.005521513783595,6.579922780355002,29.1438058872822,7.634793270140793
1785389399002078000,154.14307788085938,187.80969422962517,0.903178796031173,8.874729985143649,40.96946125178242,151.21969407703727,229.74301147460938,8.00388339931607,6.890379512752005,29.143726171732283,8.222257432431501
1785389400001969000,155.14296899414063,187.52439601067454,0.9207308510765976,8.493919893453135,40.96941719148703,150.93439585808665,229.74301147460938,8.0025442397081,6.9557002619915185,29.143632384389203,8.77742199915455
1785389401001866000,156.14286596679688,187.95702314190567,0.922753276886593,7.4254507918287365,40.96936333872402,151.36702298931777,229.74301147460938,8.001563087079456,6.744609688975144,29.143520114849704,10.061244124837348
1785389402001769500,157.14276953125,188.5775245791301,0.9107668864318433,7.248877196843805,40.96931753415273,151.98752442654222,249.29368591308594,8.000908603408526,6.623052626972067,29.143387049259715,11.352841716791877
1785389403001679400,158.14267944335938,188.46391777321696,0.9687570685458327,7.254858898309359,40.96928149188339,151.87391762062907,249.29368591308594,8.000484897263917,5.6163342952636075,29.143259962695097,11.556226277319771
1785389404001593600,159.14259350585937,190.20450737141073,0.7136033446340907,7.216799440023022,40.96927501602078,153.61450721882284,257.2132568359375,8.000275261059487,5.999754829563432,29.143157949526366,9.958503612461884
1785389405001513500,160.14251342773437,191.36759579647332,0.7114658399460131,7.154846528618217,40.969249165612794,154.77759564388543,257.2132568359375,8.03947255544077,6.3039960977953,29.14303371152726,10.160098106470732
1785389406001437700,161.14243774414064,191.1432648645714,0.7172911704397489,7.24725513182047,40.9692210635371,154.5532647119835,248.6765899658203,8.022213705633435,6.121947434659418,29.142908973328385,10.526830736283458
1785389407001365500,162.14236547851561,191.624324509874,0.7173340372231967,7.244099816029375,40.96918474265906,155.0343243572861,243.46148681640625,8.012176073047494,6.6316871884935535,29.142784324867456,11.005123884709358
1785389408001298700,163.14229858398437,191.36897646728903,0.7184221993019857,7.257646373384425,40.96913299587294,154.77897631470114,243.13272094726562,8.0067742557554,6.240960854566199,29.142679236134267,10.80849497831617
1785389409001236000,164.1422360839844,192.9223201610148,0.7173995932191566,7.24555048561152,40.969077720597554,156.3323200084269,227.68310546875,8.004011928452192,6.433239467991781,29.142616553368367,9.452354791984709
1785389410001176600,165.14217651367187,194.67252586316317,0.715033221461147,7.214966525720343,40.96900273657128,158.08252571057528,227.68310546875,8.00227443078043,6.376979573212443,29.142519112739354,11.013256382642698
1785389411001120500,166.14212060546876,195.28660085145384,0.7159122686489586,7.226038617829355,40.96892777364376,158.69660069886595,227.25543212890625,8.001253879794056,6.191726334273156,29.142428543783183,11.416181780709856
1785389412001067800,167.14206787109376,194.2656258419156,0.7185018511076962,7.258310334334762,40.96886144126705,157.67562568932772,227.25543212890625,8.000675018570723,6.249916665812018,29.142318738422823,11.751634411157116
1785389413001018000,168.14201806640625,193.5041756518185,0.7184902286292354,7.258706430051831,40.96879603482281,156.91417549923062,227.25543212890625,8.00034979467653,6.205861790520395,29.142190208319814,12.443060492305559
1785389414000970800,169.141970703125,192.3619004562497,0.7178899540957451,7.251858399872615,40.96873065041556,155.77190030366182,227.25543212890625,8.00018608689167,6.387892348566803,29.1420843157607,12.091556533622935
1785389415000926000,170.14192602539063,192.78293905686587,0.7185435926822904,7.258841733431902,40.968676229943085,156.19293890427798,235.13584899902344,8.000102552832812,6.361249444671811,29.142022868465602,8.924905063746234
1785389416000884500,171.14188452148437,191.62104448862374,1.7152582424445153,22.29718870831976,40.96864630493188,155.03104433603585,235.13584899902344,8.000061507969537,6.525303422077738,29.141964378216613,5.991787596072257
1785389417000845000,172.14184497070312,191.49063252378255,1.7681101845033047,25.100313404748128,40.96862599989608,154.90063237119466,235.1893768310547,8.000046190529254,6.553977328863911,29.141906441025487,5.545499207593168
1785389418000807400,173.14180737304687,192.09229765366763,1.7461069182661164,23.67805882769032,40.968604824261746,155.50229750107974,242.94205392715799,8.000037135290356,6.220991593726984,29.141841197830757,5.942460393589761
1785389419000772000,174.14177221679688,191.77929332386702,1.7779583391997424,29.932371116212302,40.968584801253456,155.18929317127913,241.1257998980731,8.000030883935326,6.006746813733655,29.141806516546115,4.788014533130567
1785389420000739000,175.14173901367187,191.7309386562556,1.7695623957979187,34.28583845037441,40.9685688834648,155.1409385036677,244.49352275529998,8.00002660592624,6.218209907076224,29.141753220393063,4.077724855670785
1785389421000707600,176.14170751953125,191.1731377793476,1.7964057714220936,57.68727848451837,40.96856132126972,154.5831376267597,246.73464982132293,8.000023098903936,5.952303385432882,29.141726728150754,2.468282898021114
1785389422000677600,177.141677734375,191.22639819420874,1.8319597715969873,86.61734260897556,40.9685518013731,154.63639804162085,249.7238006591797,8.000020494540713,6.002756638485124,29.14171411164177,1.6728771873759727
1785389423000649500,178.1416494140625,191.05529602244496,1.827066557005647,78.68849984161841,40.96853990523928,154.46529586985707,249.7238006591797,8.000018475733276,5.883968897856745,29.14169333088509,1.880182063470121
1785389424000622600,179.14162255859375,192.26522284839302,1.786553961167063,37.266773277823745,40.9685281275026,155.67522269580513,249.7238006591797,8.000016822657136,5.831653115761621,29.1416698617162,2.2230519919123903
1785389425000596500,180.1415964355469,191.78530631400645,1.8343633007404074,47.82939568077337,40.96851814382037,155.19530616141856,249.7238006591797,8.00001540945459,5.739007875927523,29.141648888082617,2.1489821732387058
1785389426000572000,181.14157202148436,191.95729917939752,1.8233176149978993,42.24653321883882,40.968509066811365,155.36729902680963,249.7238006591797,8.000014247489121,5.617581394091561,29.141623738992763,2.3011544813589064
1785389427000550100,182.14155004882812,191.68468049168587,1.7926968801994796,49.298265270320535,40.96850107424852,155.09468033909798,249.7238006591797,8.000013256640434,5.516855714563647,29.14159959017161,2.3776419289437727
1785389428000528400,183.1415283203125,191.63969295006245,1.7866286129087317,53.3473558078827,40.96849271671235,155.04969279747456,249.7238006591797,8.00001240749348,5.496598425671851,29.14157435384601,2.4556441380594602
1785389429000507600,184.14150756835937,192.5017002047971,1.7951840425730983,39.9409340677826,40.968487616223555,155.9117000522092,249.7238006591797,8.00001161160651,5.332046608826123,29.141554240931075,2.019028912087582
1785389430000487400,185.1414873046875,192.2380002187565,1.7905620422011086,45.822830639034464,40.96848318256429,155.6480000661686,249.7238006591797,8.000010929560636,5.473257439038071,29.141536614940936,1.7815009309033185
1785389431000468700,186.14146875,192.01206861902028,1.8046124130519807,46.03332255037858,40.96848017381995,155.4220684664324,249.7238006591797,8.000010339618793,5.660730663837193,29.141515426644272,1.745025126827041
1785389432000451000,187.141451171875,191.74587291758507,1.8336933448280224,50.57081711575302,40.96847544692378,155.15587276499718,249.7238006591797,8.00000981413838,5.78592000340983,29.14149116932001,1.715872080285408
1785389433000434200,188.14143408203125,191.58931614179164,1.7908486550488072,61.60604869431179,40.96847388430741,154.99931598920375,256.2770690917969,8.000009288145037,5.869475832980455,29.14147408730411,1.230750082769405
1785389434000417800,189.14141772460937,191.54771789349616,1.848632587288012,58.60028052663436,40.968472447925556,154.95771774090827,256.2770690917969,8.000008826946242,5.92821878989185,29.141459983401795,1.2159920696164404
1785389435000401400,190.1414013671875,191.39156567957252,1.8093018815501054,55.52534393050589,40.96846943026564,154.80156552698463,256.2770690917969,8.000008427908389,5.986029445295457,29.141439932730194,1.4971366746102024
1785389436000386800,191.14138671875,191.25562234129757,1.793155517795987,56.38015493523056,40.96846629940134,154.66562218870968,256.2770690917969,8.000008063454482,6.155429333962602,29.141415797778624,1.7949582141639597
1785389437000373000,192.141373046875,190.83065740857273,1.7734865678220453,63.6604307585603,40.96845731475724,154.24065725598484,256.2770690917969,8.00000775910146,6.1255008054885955,29.141385119550257,2.2362444254155767
1785389438000358100,193.14135815429688,190.6377330981195,1.7692437647627604,61.86798840552419,40.968452216813674,154.0477329455316,256.2770690917969,8.00000735919418,6.179502893572737,29.1413600887781,2.2666545349348435
1785389439000345900,194.14134594726562,190.3605467872694,1.8038205447794669,62.18516407250553,40.96845061525922,153.77054663468152,256.2770690917969,8.000007015321465,6.140143022482649,29.14133186197706,2.2358878530167106
1785389440000333800,195.1413337402344,190.17508277948946,1.8405265103472592,77.23671126812876,40.96845064923814,153.58508262690157,256.2770690917969,8.00000661855712,6.1243139422858,29.14131551045315,1.6375950036499394
1785389441000321300,196.1413212890625,190.07100817002356,1.841513166021497,78.93032415649895,40.968451765034224,153.48100801743567,256.2770690917969,8.000006248061874,6.291737942080694,29.141299997341452,1.2349719139499928
1785389442000310000,197.14131005859375,189.95477391500026,1.8348662127062243,99.97125353874638,40.96844993667943,153.36477376241237,261.806884765625,8.000005934866657,6.265355567594034,29.14128318498392,1.1701363094515602
1785389443000298200,198.14129833984376,189.9425674220547,1.8575554327456563,141.96183943859683,40.96844979671063,153.35256726946682,261.806884765625,8.000005601798936,6.189152960320805,29.14126944868418,0.9819582985616359
1785389444000287000,199.14128686523438,189.97385535109788,3.744223394544569,180,40.968449983954564,153.38385519851,261.806884765625,8.000005277807526,5.956774490874519,29.141256670029172,0.7875773043861893
1785389445000277500,200.1412775878906,190.09565485920757,3.7458804164554547,180,40.968450500040376,153.50565470661968,261.806884765625,8.000005008691009,5.925385177596104,29.14124432286548,0.6601317546703331
1785389446000268000,201.14126806640624,189.86337335407734,3.7491242116657575,180,40.9684475740232,153.27337320148945,261.806884765625,8.000004740696237,5.743130223028597,29.141242882496236,0.3901682144131188
1785389447000257000,202.14125708007813,189.88282671570778,3.748267451711639,180,40.96844748786215,153.2928265631199,261.806884765625,8.000004475052512,5.3718667642949285,29.141244158516773,0
1785389448000248000,203.141248046875,189.88282671570778,3.746401727048738,180,40.96844748786215,153.2928265631199,261.806884765625,8.03976353441365,5.065396885865123,29.141244158516773,0
1785389449000239400,204.1412392578125,189.8787094205618,3.75329443711357,180,40.96845252986821,153.2887092679739,261.806884765625,8.037775373983086,5.041559343332207,29.1412300978657,0.2040222374404691
1785389450000231000,205.14123095703124,189.58360819611698,3.750396934496091,180,40.968449619667645,152.9936080435291,261.806884765625,8.035886615044381,5.371051927839402,29.14123238969493,0.28252333314381456
1785389451000221200,206.14122119140626,189.6026909071952,3.770798968748755,180,40.96844976390021,153.01269075460732,261.806884765625,8.037575888492622,5.3449266643886615,29.141232288311002,0
1785389452000214000,207.1412141113281,189.42772085312754,3.746005408592628,180,40.968441393049034,152.83772070053965,261.806884765625,8.035697209589634,5.421944877594391,29.14119312025907,1.3986025466122702
1785389453000204500,208.14120458984374,189.2537091448903,1.8799632342239951,68.53152900282754,40.96843983314303,152.66370899230242,261.806884765625,8.033912483900652,5.285059592429546,29.141166980636342,2.219602639061299
1785389454000197000,209.14119702148437,189.15363055095077,1.8019643599645307,56.107524400839075,40.96843995394183,152.56363039836287,261.806884765625,8.03221698297231,5.698221266356987,29.141140383086462,2.5530591847826547
1785389455000189700,210.14118969726562,188.9136378383264,1.7371864144937827,44.628324310845926,40.96843546673331,152.3236376857385,261.806884765625,8.030606156475166,5.971671468868135,29.141106776025545,2.9526356182466116
1785389456000182500,211.1411826171875,188.69185934308916,1.7723536593554208,50.14940453369144,40.968430589407134,152.10185919050127,266.50323486328125,8.029075863231494,5.97736712438003,29.141080395851265,2.5297938464731287
1785389457000175000,212.14117504882813,188.43544445652515,1.7858432632732044,65.07469025272667,40.968429268273006,151.84544430393726,266.50323486328125,8.02762190210769,5.784575958810971,29.141059982468928,1.5991127002376584
1785389458000168200,213.14116821289062,188.39745765272528,1.8324862298965954,86.3003730057658,40.96842990857326,151.8074575001374,266.50323486328125,8.026240754351965,5.489137527462689,29.141048717139782,1.128182919914768
1785389459000160000,214.14115991210937,188.35433526244015,1.8034803065606688,75.45014899882149,40.96843022393562,151.76433510985225,266.50323486328125,8.024928788690636,5.821414646911254,29.141029729786933,1.4499203318931013
1785389460000154400,215.141154296875,188.17014309111983,1.8302764025406788,57.285630119785694,40.96842888751009,151.58014293853194,266.50323486328125,8.02368243821255,6.142650725281388,29.141003657473714,1.9798985378173304
1785389461000147200,216.14114721679687,187.94374268874526,1.7784822314830586,43.33819968651823,40.96842648445616,151.35374253615737,266.50323486328125,8.022498349712036,6.093061189752965,29.14097141709417,2.6655005539170915
1785389462000140500,217.141140625,187.7365584662184,1.7560227358714897,38.87726235138643,40.96842382433188,151.14655831363052,266.50323486328125,8.021373508843064,5.785826913669816,29.14093362008832,3.0151281764166997
1785389463000134100,218.14113403320312,187.4893602449447,1.7296325399272794,38.44872557811973,40.968422382699394,150.8993600923568,266.50323486328125,8.020304886728217,5.834371146439987,29.140887343678763,3.2446011955038485
1785389464000130600,219.14113061523437,187.92931167874485,1.7567845343665696,51.17057066910308,40.968426270238766,151.33931152615696,266.50323486328125,8.019289520315303,5.802420032478917,29.140852364758775,2.780990226134463
1785389465000121900,220.14112182617188,187.7443760894239,1.7424245234364468,50.00661391588327,40.96842549427117,151.154375936836,266.50323486328125,8.018325105933378,5.573575526008676,29.140820465292986,2.8007210980339172
1785389466000119800,221.14111987304688,187.87430442869663,1.6732237547821314,40.879936189405,40.96842564670155,151.28430427610874,266.50323486328125,8.017408931952225,5.477365208561435,29.140771282912166,3.310679217622478
1785389467000109600,222.14110961914062,187.53471227828413,1.6800578914098874,35.31850435529301,40.96842366003892,150.94471212569624,266.50323486328125,8.01653846324319,5.223663323555026,29.14073421050497,3.5915017578272423
1785389468000103400,223.141103515625,187.4529655566439,1.7039449270841198,33.6295093829162,40.96842296043225,150.862965404056,266.50323486328125,8.015711555014132,5.2327175568191375,29.14069543783002,3.7540001167376307
1785389469000097800,224.14109790039063,187.34631728380919,1.6552493734249925,28.980558886136066,40.96842044899938,150.7563171312213,266.50323486328125,8.01492599805543,5.431015022930092,29.140653199004973,3.990315664041537
1785389470000091400,225.14109130859376,187.2032385384664,1.631484572392016,30.031174831934063,40.96841860636859,150.6132383858785,266.50323486328125,8.014179794522411,5.811066401087191,29.14062078904561,3.9711588813082246
1785389471000085000,226.1410849609375,187.18062183912843,1.765458533221892,30.540311994184123,40.96841805295227,150.59062168654054,266.50323486328125,8.013470859658252,5.807524450447091,29.1405623121792,4.677897397573894
1785389472000080600,227.14108056640626,186.82480255700648,1.6251656888233672,25.740495243444208,40.968422781245046,150.2348024044186,266.4662170410156,8.012797356798323,5.748534615630786,29.140498881082415,4.978612539760841
1785389473000075300,228.1410751953125,186.46126335673034,2.158531926699416,28.897027158403013,40.96841924547979,149.87126320414245,266.4662170410156,8.01215748516172,5.722648544118829,29.140436473786952,5.196350154915805
1785389474000069600,229.14106958007812,186.20519918296486,2.1580647860741586,30.302677520559946,40.968416788159644,149.61519903037697,266.4662170410156,7.727763540677901,5.433461970045809,29.14037106618979,5.484795475868488
1785389475000063500,230.1410634765625,185.77702291402966,2.242934308631112,37.47250217958561,40.96841161668997,149.18702276144177,266.4662170410156,7.441375293781785,5.364751181269942,29.140317974372277,4.572563579747091
1785389476000058400,231.14105834960938,185.47927572578192,2.4346858112965566,61.6274162837434,40.96841139277441,148.88927557319403,266.4662170410156,7.249860351365707,5.281542563949352,29.14028713050263,2.9351607820953007
1785389477000053200,232.14105322265624,185.79881088528782,2.5240071432710662,82.21385978805358,40.968415039060375,149.20881073269993,266.4662170410156,7.077833127260413,4.960875247662408,29.140260612043562,2.479745380557026
1785389478000047600,233.14104760742188,185.69509522337466,2.5087258092201123,74.9171387208713,40.96841472082597,149.10509507078677,266.4662170410156,6.87701122166674,4.666558022885154,29.140231166638596,2.67492230650836
1785389479000042000,234.1410419921875,185.73738981597126,2.4710924676804606,67.64864941856472,40.96841839628206,149.14738966338336,266.43133544921875,6.774019240249423,4.44424778032601,29.140200832254962,2.909687049846749
1785389480000036600,235.14103662109375,185.45006439182907,2.47029896479991,63.25276139319978,40.968415030590826,148.86006423924118,266.43133544921875,6.645017367844121,4.245185940042096,29.14017222219823,2.9748238712964263
1785389481000031700,236.14103173828124,185.28375963121653,2.4770724849762176,63.16329058372997,40.96841977124732,148.69375947862864,266.43133544921875,6.417589361409676,3.966205293776221,29.140139801530584,2.8835864893570458
1785389482000025900,237.14102587890625,185.46531565207988,2.539610987073923,88.54955691560504,40.96842189118461,148.875315499492,266.43133544921875,6.207595388058681,3.9435058787240966,29.14011635051883,2.2444819785428387
1785389483000021500,238.141021484375,185.67131097521633,2.5423720670452834,122.31863557979135,40.96842315402414,149.08131082262844,266.43133544921875,6.014643009158321,3.8357525232147602,29.14009625210047,1.6347806660251192
1785389484000016600,239.1410166015625,186.02253437507898,2.5367978221709073,99.05917729002766,40.96841823310161,149.43253422249109,266.43133544921875,5.939782314429463,3.8870438068629776,29.14007727210054,1.6423945004636114
1785389485000012000,240.14101196289062,185.9916055034846,2.537245375984617,86.13307224518861,40.968417184732154,149.40160535089672,266.43133544921875,5.921344111548093,3.9483707087931315,29.140052007919735,2.262005938484851
1785389486000006100,241.14100610351562,185.9731395067647,2.525747938028304,89.53504083913228,40.96841698125691,149.38313935417682,281.754150390625,5.820251166305253,3.953738582607394,29.14002960941885,1.9253850743832301
1785389487000001300,242.14100122070312,185.83425566460937,2.5416008463804354,92.71792953665903,40.968412828149454,149.24425551202148,267.4392395019531,5.684593619558609,3.944267006657127,29.140006891692007,2.0498538060003413
1785389487999996400,243.1409963378906,185.74767294712365,2.5325993658168033,82.74700671739508,40.96840596977563,149.15767279453576,267.4392395019531,5.590369263676646,3.9839624404364935,29.139977731995263,2.3853108844082542
1785389488999990800,244.14099072265626,185.86360085662454,2.397953098951753,50.907709550511285,40.96839238516618,149.27360070403665,267.4392395019531,5.468436486419225,3.934534558091883,29.13993207974995,3.7859418693760802
1785389489999986200,245.1409860839844,186.18071400839835,2.1626553293547692,30.779458635535722,40.96835492181201,149.59071385581046,236.88411897385564,5.336189115762634,3.687160604183002,29.13987439148962,5.6724810322402615
1785389490999981300,246.14098120117188,186.46254062466323,2.111748755164883,27.44606189774167,40.96830861394761,149.87254047207534,238.92027282714844,5.212067021648888,3.5948696116677237,29.139822609384165,6.150766199900196
1785389491999976200,247.14097607421874,186.5687190843746,2.1487573927684855,29.413326978233915,40.9682957644588,149.97871893178672,238.92027282714844,5.208900947272072,3.674585766333582,29.139758096663556,5.829869979633837
1785389492999971300,248.14097143554687,186.74577511195093,2.075510310829668,24.768443208447167,40.96821619028053,150.15577495936304,210.1468048095703,5.041772335691704,3.5563551643866935,29.139738924853567,6.695439464178757
1785389493999966700,249.140966796875,186.82895022071898,1.9532613281141746,18.464853790495024,40.96814128439281,150.2389500681311,185.26419067382812,4.605786247709956,3.29109243730124,29.139692370977276,8.528195316614294
1785389494999961300,250.14096142578126,187.0618861168623,1.8597510610040282,14.693604773752233,40.968050928879634,150.4718859642744,207.39620971679688,4.178087667583584,3.001340742123183,29.139651067662466,10.224395516998118
1785389495999956500,251.14095654296875,187.30925014335662,1.8095398335088926,12.559087955870307,40.96794815236224,150.71924999076873,207.39620971679688,3.4824657949250173,3,29.139604018128836,11.670528305318332
1785389496999952000,252.14095190429688,187.68759546149522,1.746175870925752,10.54203925459998,40.9678321742898,151.09759530890733,199.5966796875,2.7938562958105613,3,29.139547598083546,13.414187692717467
1785389497999946500,253.14094653320313,188.1010144064203,1.7203164703415044,9.668913341938978,40.96770966380673,151.5110142538324,199.5966796875,3.0697099127990883,3,29.139486482725435,14.408082678640351
1785389498999942000,254.14094189453124,188.44682952202857,1.7089187764328644,9.049346471564373,40.96757863804526,151.85682936944067,198.22720336914062,2.6473628477204363,3,29.139422621481174,15.292524400459676
1785389499999937000,255.14093701171876,188.91910463757813,1.684521603240576,8.612349646808502,40.967444824237596,152.32910448499024,198.902587890625,3.0579208078022244,3,29.13935685207793,15.837392758108573
1785389500999932700,256.1409326171875,189.83060856256634,1.677695570979611,8.405394111633896,40.96731019437019,153.24060840997845,198.6607666015625,2.587667617611122,3,29.139291514383025,16.15838237256696
1785389501999927600,257.1409274902344,190.33875377476215,1.698801605135083,8.462640474114796,40.967173649257674,153.74875362217426,198.76171875,2.8652027475295676,3,29.139229937445833,16.251452146654557
1785389502999922700,258.1409226074219,191.21322036068887,1.6475742695860944,8.11982165212918,40.96703442705153,154.62322020810097,194.40191650390625,2.644988912359709,3,29.13917180152469,16.42462703732905
1785389503999921000,259.1409208984375,191.86843276489526,1.6412209609169752,7.84102301572353,40.966886575633005,155.27843261230737,194.40191650390625,2.743111353314108,3,29.139119428719265,16.94436758846651
1785389504999912700,260.14091259765627,192.60052628535777,1.6546143348203686,7.62010926403414,40.966731703433304,156.01052613276988,194.2626953125,2.415147906668286,3,29.139069609858137,17.57726809886265
1785389505999907600,261.1409074707031,193.51530293840915,1.632034331319488,7.251977552582236,40.96657000879815,156.92530278582126,192.58937072753906,2.6229442657077464,3,29.13901719808214,18.377373659355232
1785389507001418800,262.1424187011719,194.11063972767442,1.622997092197874,7.252814456082682,40.966401662754365,157.52063957508653,192.58937072753906,2.6740354810210913,3,29.13896489601693,18.915117883699402
1785389508001410800,263.14241088867186,195.05937625654042,1.6653214569086559,7.251746588756171,40.96623307166782,158.46937610395253,192.58937072753906,3.4607846149638615,3,29.138919917037253,18.993384461997866
1785389509001375200,264.1423752441406,195.9508218811825,1.6381125130533436,7.2520377814258685,40.96606666639145,159.3608217285946,189.15235900878906,3.9612770209824686,3,29.138877992809654,18.927447517735935
1785389510001351400,265.1423513183594,196.72640016302466,1.611580121371857,7.2525494007203575,40.965893089421726,160.13640001043677,184.35430908203125,3.103099162636901,3,29.138852529188796,19.383886228565483
1785389511001322000,266.14232202148435,197.8203177601099,1.644616565737778,7.251891213070391,40.96571633530047,161.230317607522,176.82754516601562,3.7813091952640105,3,29.138845165961122,19.902782713805347
1785389512001268000,267.14226806640625,198.87000866327435,1.6347776739107394,7.2501490238711455,40.96553687565306,162.28000851068646,170.8331298828125,3.465132991082513,3,29.138866985089805,20.294365028233766
1785389513001230600,268.14223071289064,199.8391589038074,1.6256978142986702,7.249503862000513,40.96534928950163,163.2491587512195,166.62673950195312,2.87452162032554,3,29.138904310072032,20.822928435190175
1785389514001191700,269.1421916503906,199.44234352745116,1.627478476316653,7.25532589083162,40.965161190233346,162.85234337486327,166.625732421875,2.437260897405365,3,29.138963478644317,21.19608550894485
1785389515001131500,270.1421315917969,200.06222103908658,1.6256624503417765,7.2579289210264974,40.96497645528905,163.4722208864987,166.55975341796875,5.732952230802249,3,29.139026880363563,21.535671558755674
1785389516001092000,271.14209204101564,199.43260855879635,1.6267421048343,7.2589472793126015,40.964776704240656,162.84260840620846,166.55975341796875,4.36424931293812,3,29.139098215060713,22.20026699241662
1785389517001056500,272.14205639648435,199.3623801479116,1.6025218417638942,7.257740362209619,40.96458809570441,162.77237999532372,169.3019561767578,3.029078066102638,3,29.139138866547487,22.014270459703212
1785389518001001000,273.1420009765625,198.93001610971987,1.584226170081622,7.257835093961812,40.964401486487574,162.34001595713198,169.3019561767578,2.691504672341262,3,29.13918105484105,21.86786251501564
1785389519000967400,274.1419675292969,197.96716382727027,1.6103896968858773,7.25716121063103,40.96419829791516,161.37716367468238,175.1940155029297,3.2270728917106264,3,29.139211286318993,22.15313630790728
1785389520000933000,275.14193310546875,197.6006091348827,1.613073832147026,7.258295671584649,40.96399075119938,161.0106089822948,181.9404754638672,3.4265323816128848,3,29.139221630244492,22.541447708793772
1785389521000883500,276.1418835449219,197.8726239707321,1.6185019081668501,7.2589154244075305,40.96378609560609,161.2826238181442,185.6103973388672,5.0075642805276726,3.43230376841858,29.139208895474706,22.777946131430753
1785389522000836900,277.1418369140625,197.53366488497704,1.603368145428871,7.2589730228484255,40.96358226808336,160.94366473238915,189.97499084472656,5.501942355912008,3.685523424111016,29.139175083089302,22.857677171252984
1785389523000792000,278.1417919921875,198.42464871983975,1.6288541442772313,7.258791180247969,40.96338589266339,161.83464856725186,193.47547912597656,3.632127008069321,3,29.13912873414476,22.678243362898705
1785389524000749600,279.14174951171873,197.94837028440088,1.6465811031917028,7.258330670446617,40.963192534491604,161.358370131813,194.09878540039062,3.36352884617845,3,29.13906679593966,22.485721441064552
1785389525000709000,280.14170922851565,197.9528349386528,1.6494477542652835,7.258357489963366,40.96299733715394,161.36283478606492,195.4861297607422,4.513391342730708,3,29.13901287757602,22.257961280766086
1785389526000671000,281.1416708984375,197.0246572373435,1.6363378070109205,7.2587541419938715,40.96280633900596,160.4346570847556,196.00965881347656,4.037814657062766,3,29.138949420176505,22.069609968514836
1785389527000634600,282.1416345214844,196.93712570425123,1.5946802997916336,7.258283063315304,40.962616677726494,160.34712555166334,194.7579345703125,3.7158289489583916,3,29.138886354611145,21.78617628269937
1785389528000599300,283.14159936523436,196.3449447127059,1.608204387352989,7.2577397081044746,40.96243273928797,159.75494456011802,195.48291015625,3.920223150531543,3,29.138817079513835,21.433630971454242
1785389529000565000,284.1415649414063,196.34967896342278,1.6029824667788528,7.257482620001628,40.96225076488975,159.75967881083488,194.02639770507812,3.288941037032551,3,29.138756089184877,21.028431370598092
1785389530000533000,285.1415329589844,196.29357558768243,1.6254571770982775,7.257445009234652,40.96206898126716,159.70357543509454,191.41912841796875,3.66990716143943,3,29.138694240417333,20.719487209489024
1785389531000501800,286.1415017089844,197.11737820878625,1.6068190724754863,7.257595291672628,40.961885989390474,160.52737805619836,187.60348510742188,3.117451722811456,3,29.1386589787567,20.332009228847728
1785389532000472300,287.14147241210935,197.53434216976166,1.6272922971190489,7.25768152494332,40.961707644841624,160.94434201717377,183.6144561767578,3.8227785003663945,3,29.13864347176163,19.938345833889272
1785389533000443400,288.141443359375,197.78784735593945,1.6387835899791323,7.257504608435232,40.961534284331655,161.19784720335156,174.75900268554688,3.992069202319079,3,29.138653341679483,19.458604467150316
1785389534000416800,289.1414167480469,198.15797343477607,1.6252337729199158,7.2581270499238695,40.96136173341243,161.56797328218818,174.75900268554688,5.173399270524826,3.384289445032014,29.138663731867624,19.145667579940188
1785389535000390100,290.14139013671877,198.45330898277462,1.6798290043525157,7.258823833247992,40.96119283150729,161.86330883018672,165.95391845703125,4.796707573498344,3,29.138728752322557,18.884651350840702
1785389536000363800,291.14136376953127,198.5203929953277,1.6646369251251774,7.258811601296905,40.96104156363262,161.93039284273982,156.58006286621094,5.745908847919035,3.2804289810073897,29.13883675122057,18.730971786555457
1785389537000340000,292.1413400878906,197.89850094541907,1.6622239840834847,7.257275600154505,40.96089290913305,161.30850079283118,145.6329803466797,4.429171048132455,3,29.138950173092734,18.769078211412335
1785389538000316200,293.1413161621094,197.08895702846348,1.6571059227783174,7.253998369987574,40.96075633000757,160.4989568758756,132.41571044921875,4.8363855341076665,3,29.13908610156147,18.894125752411135
1785389539000293400,294.1412934570312,195.77284489385784,1.6402529433709587,7.249221435669082,40.96063004874666,159.18284474126995,132.19017028808594,4.481154647567346,3,29.139248992880095,19.263618241663643
1785389540000271400,295.1412712402344,194.930339127779,1.6406955112048667,7.250643676046152,40.960496210983564,158.34033897519112,125.10771179199219,3.986013134069769,3,29.13943441261659,20.216058692144234
1785389541000250000,296.14125,193.55386799294502,1.6003745979588115,7.248553608356628,40.960417844127186,156.96386784035712,115.84730529785156,3.5368468064343177,3,29.139631639704994,20.09335547271603
1785389542000228900,297.1412287597656,192.65759633481503,1.5814394442656403,7.2493137774438585,40.96035415897775,156.06759618222713,115.67232513427734,3.1643387264097402,3,29.139866605310054,20.5281291837595
1785389543000209000,298.141208984375,192.02881228923798,1.6152999712802414,7.251307535655674,40.96029545128976,155.43881213665009,106.44547271728516,2.6747693765991585,3,29.140094672686885,20.675632689933877
1785389544000189000,299.14118896484376,190.4685399821028,1.6138929352625915,7.248360006613688,40.9602504779069,153.87853982951492,102.80428314208984,2.8928438325575394,3,29.14033210244656,20.601991044671784
1785389545000169700,300.14116967773435,187.98576131928712,1.62275059460977,7.248492215067493,40.9602328457765,151.39576116669923,88.55597686767578,2.7540536756139757,3,29.140568514775392,20.266857307721335
1785389546000151600,301.1411516113281,186.15807126555592,1.6190899330810173,7.246388408481824,40.96023929659972,149.56807111296803,88.51678466796875,3.4331135555942476,3,29.140808115724923,20.00732558367549
1785389547000133600,302.1411335449219,184.794016065076,1.622086275103289,7.2467224955288705,40.96025975310495,148.2040159124881,86.08106231689453,3.417066289321273,3,29.141051986643223,20.071550660369933
1785389548000115500,303.14111547851564,183.01188396848738,1.6462835056499812,7.245550797354294,40.96027496658372,146.4218838158995,83.31168598978549,2.4919784821355644,3,29.14127596666284,19.584331441352386
1785389549000098300,304.1410983886719,180.77045311126858,1.6345806947680346,7.242509717218325,40.96029712025636,144.1804529586807,83.1346941012528,6.783525234794826,4.258927925576375,29.14150678116548,19.40931129273936
1785389550000081700,305.1410815429688,179.30347018968314,1.6433725392019958,7.241627774054435,40.96031812254184,142.71347003709525,83.85160126801021,5.265863656800351,3.1580144162758215,29.141733492091472,19.201043665820983
1785389551000064800,306.1410646972656,178.09591020736843,1.6330979380013553,7.24227489650993,40.96032675683649,141.50591005478054,86.58264839476439,3.5976645521254507,3,29.141955377825603,18.91444071680152
1785389552000048600,307.1410485839844,176.58916821330786,1.656217527260221,7.241344663389585,40.960318588401485,139.99916806071997,93.3325424194336,3.6692112532995615,3,29.142178941252933,18.74124317917234
1785389553000033000,308.1410329589844,175.20107292663306,0.30735655541547535,7.241207178630157,40.96028857575525,138.61107277404517,98.7173843383789,3.3880702356499617,3,29.14239377293505,18.461695740810278
1785389554000016600,309.1410166015625,173.46346718259156,0.3075308328526975,7.242647552214229,40.96023774808451,136.87346703000367,113.2363052368164,3.3385001468273097,3,29.142590808794267,17.960316942326067
1785389555000001800,310.1410017089844,172.2825339185074,0.30776833923257624,7.245768336742675,40.96016743258258,135.6925337659195,117.49934387207031,4.0193404965171595,3,29.142781084114098,17.661482052547164
1785389555999986200,311.1409860839844,170.88125184364617,0.30767854079254836,7.230138055409825,40.96009178701254,134.29125169105828,122.38584899902344,3.775254924499258,3,29.142961744090428,17.372458277749875
1785389556999971800,312.14097192382815,170.15559014305472,0.30754232407009235,7.194006126250396,40.96001812580921,133.56558999046683,122.38584899902344,3.8761791126698304,3,29.14313593100629,16.97243658032705
1785389557999956500,313.14095654296875,168.2127833906561,0.3072789621338603,7.116835823944589,40.959944264650176,131.62278323806822,112.49388122558594,2.9672650047691236,3,29.143316168050358,16.675913731026622
1785389558999942700,314.1409426269531,168.13362081814557,0.30752287136613526,7.134786894935733,40.959894072623676,131.54362066555768,112.49388122558594,3.6561025639617295,3,29.143510285251303,16.60046817040943
1785389559999928600,315.1409284667969,167.146846906282,0.3073475729893597,7.03922994075692,40.95984172865733,130.55684675369412,108.17949676513672,4.249164025221312,3,29.143687508178346,16.15101746848355
1785389560999915000,316.1409150390625,165.94781414140016,0.30696066443930703,6.883671938970291,40.95979451766594,129.35781398881227,108.18777465820312,4.130842251922128,3,29.143867569292723,16.048920173239775
1785389561999900400,317.140900390625,164.45783099532127,0.3057776559369324,6.538090036432944,40.959746470929495,127.86783084273338,120.30452728271484,3.9278914237045397,3,29.14403785439457,15.932679101111763
1785389562999887400,318.14088745117186,162.7388479365036,0.3057481564204184,6.560051283700102,40.95966594562108,126.1488477839157,120.30452728271484,4.088991227304742,3,29.144184548598083,15.890274209791599
1785389563999873500,319.14087353515623,161.04792038351297,0.3062792597468517,6.704175318473401,40.95959414873031,124.45792023092508,128.74472045898438,3.5267649990865864,3,29.144333251777315,15.737024490461776
1785389564999860200,320.1408601074219,159.97981711104512,0.306737279113211,6.859144680544739,40.95948723444712,123.38981695845723,138.63250732421875,5.076712429446838,3,29.14446451782377,15.87628498792084
1785389565999847000,321.1408469238281,159.08336945995688,0.3069611506780284,6.908656715623209,40.95937063884068,122.493369307369,138.63250732421875,5.122357589871264,3,29.144576971960753,15.784769396109816
1785389566999833600,322.14083349609376,158.11638011038303,0.30702975476937633,6.883092963767205,40.95924509494314,121.52637995779514,153.36912536621094,5.15585625604086,3,29.144664634664725,15.615414456066386
1785389567999820500,323.1408205566406,157.5348039874807,0.30734952856232617,6.944286361839062,40.95911450412455,120.94480383489281,153.53868103027344,4.8969451804140425,3,29.14473181951708,15.408929910891027
1785389568999808300,324.14080834960936,156.04461390338838,0.3061425743163149,6.539234291574468,40.95898278719671,119.45461375080049,163.52908325195312,4.374546026223014,3,29.144783288096672,15.428042482787706
1785389569999796500,325.14079638671876,155.31918359734118,0.3063718178710332,6.738958105408462,40.95883329027552,118.72918344475329,176.94534301757812,3.5708024369414137,3,29.144796605481915,15.929939856309742
1785389570999783000,326.1407829589844,154.2339062122628,0.30658499183382226,6.925078683359177,40.95868827002915,117.64390605967492,182.96627807617188,3.232223188338032,3,29.14479886083984,16.412494971837194
1785389571999770600,327.1407705078125,152.92823858372867,0.30657597630664307,6.908723907823516,40.95853828040275,116.33823843114078,190.9169921875,4.254771865345851,3,29.1447663136173,17.024274682680918
1785389572999758600,328.1407585449219,151.62963382620364,0.3067005416568849,6.4462580087327455,40.95837992901604,115.03963367361575,201.33511352539062,4.882717150968451,3,29.14470338330735,18.022807400410425
1785389573999745800,329.1407458496094,150.2427906934172,0.3068697154926471,6.097873155113235,40.95823288951811,113.6527905408293,209.4117431640625,3.977274999607937,3,29.14460352678094,18.66686709580423
1785389574999733200,330.14073315429687,149.19380063563585,0.3074070120780608,6.382243549761008,40.958091478294925,112.60380048304796,214.97946166992188,3.1538793384249515,3,29.144476663013165,19.418615740082966
1785389575999721500,331.1407214355469,148.23300178255886,0.3074899355450401,6.293272593718339,40.95793630931648,111.64300162997097,214.9134521484375,2.723595200450665,3,29.144341681888235,20.17914823974909
1785389576999708700,332.1407087402344,146.51144616864622,0.3074146382496735,6.139480123531431,40.957783154122254,109.92144601605833,214.9134521484375,2.9783449873536565,3,29.14420421639089,20.817549346649137
1785389577999697000,333.14069677734375,144.78136006277055,0.30742790775205514,6.133161977574513,40.95762598970504,108.19135991018265,215.15469360351562,4.788867711310161,3,29.144059852301794,21.438981879265867
1785389578999684900,334.14068481445315,142.41736016981304,0.30745869472669296,6.152200142723855,40.95745759727893,105.82736001722515,214.99156188964844,3.7196169585477734,3,29.143900709477226,23.00522228365511
1785389579999672600,335.1406726074219,139.64311920758337,0.30750979098990133,6.206083086214517,40.95726108207807,103.05311905499548,215.83119201660156,3.7196169015335196,3,29.1437252176989,25.953404080504505
1785389580999661000,336.1406611328125,136.44482783786952,0.30703726708252876,5.450872193089572,40.957042711798834,99.85482768528163,215.7922821044922,3.043543396091944,3,29.143542987968296,28.822411884414365
1785389581999649500,337.1406494140625,133.0123151857406,0.3054559999570129,4.152095832644235,40.95681202273241,96.4223150331527,215.7922821044922,2.6342158467151364,3,29.143334666517482,30.585016236100493
1785389582999637200,338.14063720703126,131.2250898759812,0.30653191933939794,5.074293964194799,40.95657420133642,94.63508972339332,215.8998565673828,4.228568412082727,3,29.14310466438461,31.272676461868464
1785389583999625700,339.1406257324219,130.68445586878806,0.3074008175296914,6.275715938309069,40.956327080042996,94.09445571620017,215.9925537109375,3.5829713059434845,3,29.14287771515308,32.148575401670676
1785389584999614700,340.1406147460938,132.35007341206074,0.30801463574069027,7.258327278437692,40.95609376325753,95.76007325947285,215.70257568359375,2.6692279533218906,3,29.14265424570975,32.07947644189735
1785389585999602700,341.1406027832031,134.51238018088043,0.3075884942151438,7.1296273330036675,40.95586314188571,97.92238002829254,215.70257568359375,2.334613958011037,3,29.142433962456078,31.53783077115564
1785389586999590400,342.14059033203125,135.98082348704338,0.3072271559406047,7.0670254872516844,40.9556418323438,99.39082333445549,215.85150146484375,2.553208326048548,3,29.142224236130236,30.711263387275075
1785389587999579000,343.1405788574219,137.43295611534268,0.30730730792227556,7.099576374819452,40.95542974783375,100.84295596275479,215.85150146484375,2.544464799385311,3,29.142011103335516,29.866168961826123
1785389588999567000,344.1405671386719,138.3061081804335,0.30751675353110913,7.17441632483326,40.95522610885554,101.71610802784562,215.86947631835938,2.8394995474611626,3,29.141809598892806,28.453434823556965
1785389589999557000,345.14055712890627,137.332603758201,0.2865749574079188,7.245079359279923,40.95503125509326,100.74260360561311,215.6764373779297,2.435004350609414,3,29.141614921909934,27.294142175902323
1785389590999544000,346.1405439453125,135.22572558559477,0.30759233374600675,7.2386463698711925,40.954844690644336,98.63572543300688,215.8897705078125,2.4486350717601604,3,29.141430065449306,26.55578145742401
1785389591999532300,347.1405322265625,133.95741526409984,0.30773137472209855,7.247297243348438,40.954657912547376,97.36741511151195,227.04403686523438,2.489596406420239,3,29.14123238534136,26.060265068882988
1785389592999521800,348.14052172851564,132.5273982975632,0.3076572402297692,7.242676416512153,40.954496623237276,95.9373981449753,226.638427734375,2.0911513461120292,3,29.141013180973825,25.696292787900138
1785389593999510800,349.1405107421875,131.34288036637008,0.3077671821850655,7.242629405669409,40.95435389447491,94.75288021378219,233.13876342773438,2.0455757191176147,3,29.140781399621392,25.037447782616578
1785389594999498800,350.1404987792969,131.54013597313315,0.30798313053158516,7.255820141737193,40.954228750269706,94.95013582054526,237.6260528564453,2.0095420486809346,3,29.140539638667963,24.56131174686
1785389595999487000,351.1404870605469,131.98674069158733,0.28555025373553183,7.254453159239474,40.95410827639083,95.39674053899944,237.54437255859375,2.6366764142264176,3,29.14029199901113,24.46721885826301
1785389596999475500,352.1404753417969,132.14342970587313,0.2932651859435249,7.251861086122819,40.95399783787375,95.55342955328524,237.65525817871094,2.4484790576601037,3,29.140048050674608,24.16314846753092
1785389597999464200,353.14046411132813,132.30549891106784,0.294913857712327,7.254172572658386,40.95388747842927,95.71549875847995,239.33229064941406,5.138936669716683,3.731630025571255,29.139801711041308,24.074520006693604
1785389598999453400,354.14045336914063,132.48505061957985,0.2938747186504802,7.256155933465642,40.9537816149866,95.89505046699196,239.30819702148438,5.242825610668636,3.6742238475873137,29.139560337699333,23.54497985308777
1785389599999441200,355.14044116210937,131.65778387803584,0.30549989985002984,7.258939957699072,40.95366749706325,95.06778372544795,239.4578857421875,5.786183078387064,3.905296440839525,29.139322956347634,23.44064174175232
1785389600999431400,356.14043139648436,131.662743056193,0.30800704299897486,7.257258268863836,40.953561255097526,95.0727429036051,239.4808349609375,4.423512158057449,3.1781858840823154,29.139089640859524,23.443898565122016
1785389601999419400,357.14041943359376,131.58538162428886,0.30797352236538367,7.249412071467166,40.95346471042498,94.99538147170097,239.4808349609375,4.053928579163537,3,29.138866639411916,22.72684456933766
1785389602999408400,358.1404084472656,130.71529292035848,0.30778516505432285,7.210705513417574,40.95335518295086,94.12529276777059,239.55352783203125,3.440875172628311,3,29.138630939172216,22.9979159152172
1785389603999396900,359.1403969726563,129.52315578050911,0.3076467141079034,7.194918154978121,40.95324960927346,92.93315562792122,239.31503295898438,3.671421789597417,3,29.138392209058217,23.304438845453287
1785389604999385600,360.1403854980469,127.38432644493878,0.30756579552675617,7.1995304885151095,40.95313843364365,90.79432629235089,238.7294464111328,2.421226762071468,3,29.138148241273125,23.57041418319103
1785389605999373600,361.14037353515624,125.48924927599728,0.3074283658849545,7.198044424016711,40.95302348535255,88.89924912340939,238.7294464111328,3.341723001643896,3,29.13790355026723,23.62905975606286
1785389606999363000,362.14036303710935,123.26631623320282,0.30747694135351805,7.198068946248561,40.9529137834686,86.67631608061492,238.44569396972656,3.514985109667937,3,29.13766696807415,23.197617496656566
1785389607999351800,363.14035180664064,121.79423250257969,0.30746534798082226,7.173613247884946,40.9528088933208,85.2042323499918,236.39865112304688,3.7976266801137224,3,29.137423059413717,23.11959221926508
1785389608999340800,364.1403408203125,119.30069426819682,0.30713885384187034,7.082212914318538,40.95269435757232,82.71069411560893,236.28089904785156,3.540394101500516,3,29.137195123233177,22.764504892436403
1785389609999329500,365.14032958984376,117.72160671371967,0.3068194442173588,6.982595997803757,40.952572479615114,81.13160656113178,236.15591430664062,3.2446329926990365,3,29.136973275045815,22.79137872670065
1785389610999318000,366.1403181152344,116.35614330228418,0.30668890198508014,6.916323523876284,40.952440854817716,79.76614314969629,225.5147247314453,2.8096179476673133,3,29.13676582984638,23.086403972474955
1785389611999306800,367.140306640625,114.30795632395893,0.3065972032449429,6.864614000594171,40.95229624246713,77.71795617137104,222.833471551263,3.458012829752182,3,29.13658752748012,22.58428152093408
1785389612999295200,368.1402951660156,112.88943184353411,0.30680667599093037,6.879233764934896,40.95213673770137,76.29943169094622,217.4417248306896,3.5037841812876316,3,29.136426423396326,22.501944978254446
1785389613999285000,369.1402849121094,110.0492863478139,0.3064121260449175,6.7954634716171665,40.95196943815613,73.45928619522601,214.44638953566022,4.746116191730806,3.097948691294705,29.136270937153665,22.577223237063567
1785389614999273000,370.14027294921874,107.94873761199415,0.3063759149185719,6.827944573359992,40.951794768067934,71.35873745940626,214.3125633767413,2.702445945020274,3,29.13611336915522,22.785196367478264
1785389615999262200,371.14026220703124,106.95923404302448,0.3064549249244583,6.931748869964743,40.951622307566105,70.36923389043659,215.13422883954573,2.5902243238153497,3,29.135943390995493,23.108342657431507
1785389616999251000,372.1402509765625,104.86183997429907,0.3067345908447304,7.037561773579153,40.951445747571135,68.27183982171118,214.58973147398657,2.807726533952234,3,29.13579036597449,23.29219019806839
1785389617999239400,373.14023950195315,102.99226526264101,0.30691122596296405,7.082068891193494,40.95125981540285,66.40226511005312,213.40605773267757,2.403863307301389,3,29.135646899683387,23.43356409335205
1785389618999228400,374.140228515625,100.6292148930952,0.30696323949094034,7.095037437582858,40.95108533294414,64.0392147405073,213.32799483256525,4.7144252455302,3.214262235494324,29.135497211014574,23.501259410784225
1785389619999217200,375.1402170410156,98.55662177689373,0.7175040249022904,7.187298882464294,40.95090786551622,61.966621624305844,212.10350036621094,4.9201429785020725,3.3123633098529397,29.135347077121313,23.490714643953968
1785389620999206700,376.14020654296877,97.28339164983481,0.7177326495109289,7.1931589281308,40.950734103788,60.69339149724692,212.10350036621094,7.237270856252091,4.765515243095759,29.13519950456218,22.789601473795845
1785389621999195400,377.1401953125,95.6228981660679,0.7175962558957161,7.102573081993671,40.95056709455137,59.03289801348001,212.91151428222656,7.618635847886411,4.912174356913839,29.135050666006524,22.177332299445222
1785389622999184600,378.1401845703125,94.57140040304512,0.7173919179670655,6.7880763772298005,40.950415101043454,57.98140025045723,215.80322265625,7.889151599073222,5.007360788050584,29.134910907043142,20.981064259068244
1785389623999172600,379.1401726074219,90.53538470435888,0.7152142121426938,5.721736222656613,40.95028868453983,53.945384551770985,218.9342041015625,7.944576069421718,4.659814374057758,29.134763027221158,19.924802954481542
1785389624999161900,380.14016186523435,88.80515614524484,0.7156493934936027,5.845369497045242,40.95014775881845,52.215155992656946,224.86241149902344,7.982377990342667,4.680874792452554,29.13459247842055,20.511547988648374
1785389625999150300,381.140150390625,86.98109748028219,0.7157596721585445,6.045781433751661,40.950019105198585,50.3910973276943,225.86070251464844,7.9911892086867855,4.535064867279884,29.13440844703997,20.869190211748162
1785389626999138800,382.14013891601564,85.48343028873205,0.7159266661996226,6.353139874372918,40.9498975384602,48.89343013614416,227.24966430664062,7.997255720067667,4.312769260285717,29.134208416088278,21.568043737370104
1785389627999127800,383.1401279296875,83.73389695212245,0.7159861964789386,6.385633715925562,40.94977565800272,47.14389679953456,227.2519989013672,7.99862801381355,4.103654735089292,29.134017482090954,21.222001354400973
1785389628999116500,384.1401164550781,82.21816921513528,0.715584401664698,6.243667352710158,40.94964504400472,45.628169062547386,222.7630615234375,7.999572489125737,3.8774694090877952,29.13384331782968,20.962820663375492
1785389629999106000,385.14010595703127,80.62738748081028,0.7155544047274027,6.1889376921480475,40.94949726888629,44.037387328222394,216.84117126464844,7.999786486963069,4.004572367701102,29.133685111429536,20.861497480453195
1785389630999094500,386.1400944824219,78.88063802104443,0.7159654708705635,6.130018936580185,40.94934521453567,42.29063786845654,207.9510955810547,7.999930354402097,4.002659787152199,29.133556765742135,20.55361876320514
1785389631999084300,387.1400842285156,77.30587824620306,0.7156864958417808,5.994005547206595,40.94917883069239,40.715878093615174,201.2821502685547,7.999965107601565,4.101984943303278,29.133460088489574,20.458525601968496
1785389633000536300,388.1415363769531,76.05523095000535,0.7151367290541916,5.7823943466600864,40.94900602376094,39.46523079741746,196.33436584472656,7.999988461806757,4.165995905821555,29.133383338854852,20.226242209916805
1785389634000540200,389.1415400390625,75.33905886113644,0.7161908316766977,6.177902633846651,40.94882340076831,38.749058708548546,196.78497314453125,7.999994242807174,4.2024354928068846,29.133316106352428,20.737383251694258
1785389635000521700,390.1415217285156,74.4166455892846,0.7171938214637358,6.716954437276929,40.94863730557397,37.82664543669671,196.3475341796875,7.999998172288755,4.2217364027393645,29.133253037112794,21.290635502094666
1785389636000521200,391.1415212402344,74.05293222796172,0.7176254676360613,6.989862942361221,40.948446571352655,37.46293207537383,196.3475341796875,7.999999157685151,4.238464377954086,29.13318169957772,21.808091271132724
1785389637000515000,392.14151513671874,73.25845814310014,0.7179192615642078,7.1228122810812735,40.9482590817981,36.66845799051225,198.25852966308594,7.9999999057884335,4.2181525209235735,29.133110813640418,21.77245313378391
1785389638000490500,393.1414904785156,72.68637882824987,0.7180805375334428,7.174477808633633,40.94807471579184,36.09637867566198,198.25852966308594,8.00000017080123,4.147420949365318,29.133031095851468,21.835622167279084
1785389639000488700,394.14148876953124,71.71231499873102,0.7178191926427828,7.153131252848897,40.947884322280856,35.12231484614313,201.5450439453125,8.000000412378563,4.091937582469191,29.132932455847044,22.195811549440883
1785389640000476400,395.14147631835937,71.2010460998863,0.7180591218674753,7.193855421217689,40.94769924191276,34.61104594729841,201.24957275390625,8.00000058125923,4.415062840985883,29.13283549201893,22.398699583343994
1785389641000445400,396.14144555664063,70.43196213059127,0.3077599540242495,7.186364395644227,40.947516878594826,33.84196197800338,208.81015014648438,4.151823212829997,3,29.13272334150101,22.336121039232037
1785389642000437200,397.1414372558594,69.89668131899089,0.3077747709893673,7.188780404869481,40.947341585253675,33.306681166402996,208.81015014648438,5.368203299942724,3.112620222785452,29.132607898456754,21.858497304223846
1785389643000425700,398.14142578125,69.15299901831895,0.30788218608934337,7.182465751297087,40.947168582722995,32.56299886573106,209.76315307617188,3.8408917225241614,3,29.132488201599177,21.371201907738005
1785389644000395800,399.1413957519531,68.81726320646703,0.3078905204474028,7.126904800213934,40.94701375435724,32.22726305387914,209.76315307617188,3.433493642263755,3,29.132359428857395,20.862710620520392
1785389645000381400,400.14138134765625,68.70518069621176,0.3079240040098979,7.101250085968545,40.946860442881146,32.115180543623865,213.9103240966797,3.0253990882213175,3,29.132230574296877,20.19610950937823
1785389646000373200,401.1413732910156,68.34551712032408,0.307940790758159,7.0924114733119605,40.946712788677026,31.755516967736185,213.79774475097656,4.49570691070519,3,29.132096613416927,19.649751250911066
1785389647000343800,402.14134375,67.76899289805442,0.3079669129514273,7.127552847278854,40.946572321502565,31.17899274546653,219.84999084472656,3.868405229767706,3,29.131950548498672,19.3353706501448
1785389648000316200,403.1413161621094,67.72098353598267,0.3079288467894292,7.007272926373448,40.946446362276006,31.130983383394778,219.76536560058594,2.934202660768567,3,29.13181005572873,18.542134472446993
1785389649000288500,404.1412885742188,67.75261795334518,0.3079594202808399,7.081109579975404,40.94632123255597,31.16261780075729,221.6940155029297,3.794860466544532,3,29.131659712460795,18.16210623837716
1785389650000262100,405.1412622070313,66.46841580606997,0.30789229148956276,6.891057030227162,40.94621700646607,29.87841565348208,221.6940155029297,2.680159386679475,3,29.131505471657217,17.329341975882
1785389651000236800,406.14123681640626,66.41134868841618,0.3078727498156369,6.834921310735965,40.94611327572247,29.821348535828292,221.6940155029297,2.6327726953952015,3,29.13137501053173,15.805113084051115
1785389652000211200,407.14121118164064,65.41444727778435,0.30775098470760853,6.537746803233175,40.94602901100526,28.824447125196457,226.41079711914062,2.412926481879188,3,29.13125673252785,14.036533412140606
1785389653000188000,408.1411879882813,64.83713983371854,0.30779907040076543,6.6451581961533615,40.945958497606995,28.247139681130648,226.41079711914062,2.963274842231689,3,29.13114489450179,12.578469881045214
1785389654000164600,409.14116455078124,64.44108878821135,0.30785821485755455,6.795383279228383,40.94586819294833,27.851088635623455,226.58863830566406,4.001177551146922,3,29.13104382159064,12.197737051298411
1785389655000141600,410.1411416015625,64.06869463715702,0.3077043154015336,6.684299336758129,40.94580076040163,27.478694484569132,226.58863830566406,3.7478140841599767,3,29.13093346409164,11.606419650124845
1785389656000120000,411.1411201171875,63.56584048457444,0.3076334550842598,7.055214115354224,40.94573600458724,26.975840331986547,226.58863830566406,4.130595957908771,3,29.13084145800221,10.80218590918469
1785389657000098800,412.14109887695315,63.57421023212373,0.307678177457092,7.159530408362232,40.94566863787399,26.984210079535842,220.08372497558594,3.369081842263596,3,29.130773426804687,9.513451179468207
1785389658000077600,413.14107763671876,63.44280257727951,0.3076388250321847,7.167765848325379,40.94560453718518,26.852802424691617,220.08372497558594,3.1978337709640297,3,29.13071550443193,8.64202875281248
1785389659000058000,414.14105810546874,63.281167046166956,0.3076807272310488,7.169972055916505,40.945541160024696,26.691166893579066,220.08372497558594,2.9188906508909893,3,29.130664253554677,8.143071098363034
1785389660000037600,415.14103759765624,63.05688979383558,0.30769825630769226,7.151572901628013,40.945481628899465,26.46688964124769,220.08372497558594,2.811527644918727,3,29.130620641797,7.602674669209283
1785389661000019200,416.1410192871094,62.9172930829227,0.3076823584735974,7.139347210949161,40.9454227672386,26.327292930334806,216.79632568359375,2.972190064006147,3,29.130576709694875,7.316472208740542
1785389661999999000,417.1409990234375,62.93730485904962,0.30774192922830607,7.196657327348657,40.94536388931335,26.347304706461728,210.43759155273438,2.9065267270220736,3,29.1305291504426,7.520502090971831
1785389662999980800,418.1409807128906,62.86623574979603,0.30782316584313335,7.234126083322898,40.94530051308917,26.276235597208142,210.43759155273438,2.741175978857241,3,29.130483117224472,7.846916672617872
1785389663999962400,419.14096240234375,62.93595664855093,0.30788971783174646,7.249417321000345,40.94524027171158,26.345956495963037,204.14439392089844,2.7868694188927066,3,29.130437503000415,8.075140318868893
1785389664999944200,420.1409440917969,62.79253977071494,0.30795741284478056,7.2536981863303485,40.9451759799539,26.202539618127048,205.04298400878906,3.1356288762732256,3,29.13039777682891,8.293361770061198
1785389665999927000,421.1409270019531,62.65538646839559,0.3079820018395717,7.2548824731626995,40.945106120770745,26.0653863158077,202.53318786621094,3.6413645322670116,3,29.13036278027547,8.269476718238254
1785389666999909400,422.14090942382813,62.70458675455302,0.3080019005501289,7.257627501972197,40.9450374012746,26.11458660196513,194.2401580810547,3.3459353902974125,3,29.130332731202692,8.120248480190828
1785389667999892700,423.14089282226564,62.75822073314339,0.3079509408239885,7.2494007971005,40.94495491233592,26.1682205805555,194.2401580810547,3.102625326195031,3,29.130334619431846,8.507941153554338
1785389668999876600,424.14087670898436,62.79935026541352,0.30797663676500875,7.239759342022083,40.94487553615942,26.209350112825632,182.16302490234375,3.0011040448832547,3,29.130319301097874,9.313100878986111
1785389669999859500,425.140859375,62.77168853953481,0.30801080171943984,7.255118834383267,40.944787235352464,26.181688386946917,175.8035125732422,2.958390164208828,3,29.130324053901735,9.904247754069615
1785389670999843800,426.14084375,62.17317647207528,0.3079844002520632,7.227664571371104,40.94470506142786,25.583176319487393,175.8035125732422,3.4536891606028455,3,29.13034283250834,10.13392881863719
1785389671999828000,427.1408278808594,62.21060117240995,0.30799285945391464,7.228682500061109,40.94460375869529,25.62060101982206,168.96393047591326,3.4536891639853504,3,29.130364218053323,10.730605835646545
1785389672999812000,428.14081201171877,61.84124770294875,0.30794030087339813,7.170956846846789,40.944504490568335,25.25124755036086,166.74849360633948,2.272265312105995,3,29.130391765697357,10.849485372175613
1785389673999796200,429.1407961425781,61.59388635028154,0.3079352555220306,7.186325536281175,40.944411986473625,25.003886197693646,165.53985109575314,2.5956619185463947,3,29.13042273215262,10.480671696228402
1785389674999781600,430.14078173828125,61.092463669367135,0.307872365895278,7.159611688786279,40.94432132407629,24.502463516779244,164.980199285465,2.6217733232903018,3,29.13045231520742,10.220828272937014
1785389675999766500,431.1407666015625,60.47649608552456,0.3078150343975602,7.159049639268158,40.944234275739355,23.88649593293667,164.4751516231062,2.948206325837051,3,29.130481568396675,9.907390631583816
1785389676999750700,432.14075073242185,59.87868021335453,0.3076281224805605,7.133210407193704,40.944147261263474,23.288680060766637,167.42787170410156,2.756474092237857,3,29.130507690192243,9.694047835907885
1785389677999736600,433.1407365722656,59.39189468417317,0.3077304058865802,7.188441734573887,40.94406090869577,22.801894531585276,171.65658569335938,2.8667472756068593,3,29.13052490192452,9.430511774589158
1785389678999722000,434.14072192382815,59.17534376680851,0.3078780849365172,7.210845721905519,40.94397763677897,22.58534361422062,182.68841552734375,3.001661802177698,3,29.130523166227704,9.050842114951124
1785389679999707600,435.14070776367186,58.57659540977329,0.3078186832449225,6.996755867406748,40.94390406830327,21.9865952571854,183.71047973632812,2.599137188800858,3,29.130508883506554,8.257827932596292
1785389680999692000,436.14069213867185,58.85550925415009,0.30793638630725306,7.095295429485605,40.94383765614715,22.265509101562202,198.3408203125,2.36614384937489,3,29.130477374913617,7.772094617496227
1785389681999678700,437.1406787109375,58.48211510013789,0.3079485401933271,7.23702752686099,40.94377165148908,21.89211494755,201.08673095703125,2.3470632359917722,3,29.130427977037936,7.6138737053112155
1785389682999662800,438.1406628417969,58.45948043093085,0.30797283488240146,7.249144668282459,40.94370370892392,21.869480278342962,220.04808044433594,2.2767246957844,3,29.13036370312692,8.27655991805287
1785389683999650000,439.14065014648435,58.78786575049162,0.308001054246109,7.25433144002149,40.943641518096385,22.19786559790373,219.75155639648438,2.2483965094411476,3,29.13029033843634,8.900093472521322
1785389684999635200,440.1406352539062,59.02665880788118,0.30801364328129016,7.257156058912333,40.9435793427775,22.436658655293286,219.75155639648438,2.377962058047217,3,29.130209637104567,9.681929047603434
1785389685999621600,441.14062158203126,58.88738183770329,0.30702554107538377,7.258801102844314,40.94351378429836,22.297381685115397,219.75155639648438,2.569147959934958,3,29.130128799815154,9.990994924674037
1785389686999608000,442.1406081542969,59.02190248668194,0.30798400595978065,7.186399386609321,40.94344339885244,22.431902334094048,219.60865783691406,2.549927800825858,3,29.1300400833737,10.816701722644641
1785389687999594000,443.1405939941406,58.83765893615782,0.3063970791352565,7.243496098645861,40.9433634221024,22.247658783569932,223.18638610839844,2.4160677556046677,3,29.129963294896275,10.94712736176478
1785389688999580000,444.14057983398436,59.39331387821585,0.3079771199585612,7.14304774571645,40.94329037734884,22.80331372562796,222.6300048828125,2.2253060790998846,3,29.129865873426468,11.365994091741834
1785389689999565600,445.1405656738281,59.33414428308606,0.3079930982990113,7.167538735532919,40.94321343939752,22.74414413049817,223.2240447998047,3.3987269076263757,3,29.129764769149197,11.938557649700364
1785389690999552300,446.14055224609376,59.37049665953964,0.3079739946621107,7.0999672074650695,40.94312786639399,22.78049650695175,223.64849853515625,4.038373737737386,3.2742135146710325,29.129673169526043,12.08094816608919
1785389692020375000,447.161375,59.18870667461306,0.3334946376045575,7.1908789804160405,40.94304941244378,22.598706522025168,223.9963836669922,4.359776776045854,3.2315416731272193,29.12957158297355,12.09166297214484
1785389693020670200,448.1616701660156,59.20654417295009,0.38237606815024533,7.247426236285206,40.942975267157024,22.6165440203622,223.33206176757812,4.554729043157156,3.0837247525415523,29.129476578289516,11.677182904656693
1785389693999512000,449.1405119628906,58.859346377663314,0.43574423647869587,7.25895109340358,40.94290935866466,22.269346225075424,221.73655700683594,4.644113550265066,3,29.129389371186623,10.807683455554878
1785389694999499300,450.14049926757815,59.1276898663491,0.30799862602516453,7.256425107430033,40.942837051390676,22.53768971376121,221.73655700683594,3.820683625851271,3,29.12931033543612,10.09294601357961
1785389695999485400,451.1404853515625,59.26986701320857,0.3080155953048861,7.258658918573473,40.94278607167646,22.679866860620677,223.8395538330078,3.658641956389299,3,29.129239211401153,9.158649686139011
1785389696999472000,452.14047216796877,59.053728700615466,0.3079825692580639,7.110180672904244,40.94273238000333,22.463728548027575,230.2656920529644,3.8716527873624336,3,29.129156303098018,8.531498204194508
1785389697999459300,453.1404592285156,58.97772806882858,0.307903876112314,6.6117606624719345,40.94270526004963,22.387727916240692,238.7022765368958,3.9121151938983956,3,29.129078726253404,7.748009438681536
1785389698999445500,454.1404455566406,59.08160245511681,0.3076075082606365,7.235187848582292,40.942671838001125,22.491602302528918,251.8659839800166,3.2033576966774673,3,29.128969427594214,8.217293290234199
1785389699999432400,455.14043237304685,59.33364736754447,0.3075369226816594,7.258962332116109,40.942669272168565,22.74364721495658,267.6893645409807,2.8434155590564862,3,29.12885026721174,8.358024109371861
1785389700999419600,456.14041967773437,59.61676267813891,0.30774795502893526,7.21982251654097,40.942686973950885,23.02676252555102,280.9914855957031,2.5277475204995588,3,29.128752238500653,7.230173121051407
1785389701999406000,457.14040600585935,59.73433649074286,0.30774370695770564,7.226580128574516,40.942710198565905,23.14433633815497,281.3526611328125,2.808595676493813,3,29.128685085328588,5.607087544203957
1785389702999394000,458.14039404296875,59.62647468037903,0.3077181119139454,7.234442301615225,40.94273400299506,23.036474527791142,308.6679382324219,2.7034606485093335,3,29.12864580136134,3.5873292053530355
1785389703999380200,459.1403801269531,59.152841586619616,0.30747489384036913,15.668649350169984,40.9427455988818,22.562841434031725,308.6679382324219,2.95847488594527,3,29.128630165429538,1.5841650226699453
1785389704999367200,460.1403671875,59.02662602905184,0.3074189626782982,34.65368331476018,40.94275336363761,22.43662587646395,308.6679382324219,3.0673293008798677,3,29.12861924158642,0.7172625980011468
1785389705999354600,461.1403547363281,58.7775582075119,0.307327829857509,74.41304233817714,40.94275050036243,22.18755805492401,308.6679382324219,3.0295305752338857,3,29.128619373346833,0.3341888590145093
1785389706999341000,462.14034106445314,58.74797796178609,0.30740760508641674,171.53434824562012,40.942751916181464,22.1579778091982,308.6679382324219,3.0558930302480443,3,29.128617103491187,0.17559952261274225
1785389707999327700,463.1403276367187,58.534696814604104,0.30740517967254066,132.74946360346888,40.94275373351842,21.944696662016213,308.6679382324219,3.0189985050110546,3,29.128619260767717,0.2108446699193413
1785389708999315200,464.14031518554685,58.35008707921952,0.30739470754340437,130.71130832417276,40.94275275134082,21.76008692663163,308.6679382324219,2.9900117096565633,3,29.128619244563325,0.19028108727134027
1785389709999301600,465.1403015136719,58.301999961957335,0.30739341964243605,142.9806728382774,40.94275286770178,21.711999809369445,308.6679382324219,2.9401504709608894,3,29.128619457155157,0.17396682791839682
1785389710999290000,466.1402900390625,58.28978213388473,0.3073739467795341,127.85530073651563,40.94275058967085,21.699781981296837,308.6679382324219,2.965106803093457,3,29.128618503916524,0.19454979228918837
1785389711999276300,467.1402763671875,58.15006547700614,0.3073296353370939,157.7840576426561,40.942753961305264,21.560065324418247,308.6679382324219,2.967180450750418,3,29.128624357107164,0.2458418046028292
1785389712999263700,468.140263671875,58.229437390342355,0.3073848824204496,55.8269800881285,40.9427543237509,21.639437237754464,308.6679382324219,2.9261917873900782,3,29.128611245653378,0.44548326512252384
1785389713999251000,469.1402509765625,58.308676751330495,0.30738601883503197,35.09477175359066,40.94276228999001,21.718676598742604,308.6679382324219,2.961231011670796,3,29.12860244871205,0.708501029675562
1785389714999238000,470.1402377929688,58.41885072737932,0.30737081417892353,28.08627341311166,40.94277114610933,21.82885057479143,308.6679382324219,2.9364760735827167,3,29.128592128965202,0.8851347381034018
1785389715999225000,471.14022509765624,58.629784278571606,0.3073468503026746,28.67123293332639,40.942777753026036,22.039784125983715,308.6679382324219,2.9293404606792333,3,29.128584348138414,0.8664382287763445
1785389716999212800,472.140212890625,58.6196251148358,0.3073812877065807,35.7565961261698,40.94278422727239,22.029624962247908,324.3165588378906,2.9861530277024255,3,29.12857838982977,0.6953998145172824
1785389717999199700,473.14019970703123,58.68117576185614,0.3074029033065223,53.74932117992982,40.942786897464224,22.091175609268248,324.3165588378906,2.9342502340084144,3,29.128574627426964,0.4628190988490314
1785389718999186400,474.1401865234375,58.67046125140041,0.30740113410490477,57.07422168830584,40.94278902888986,22.08046109881252,324.3165588378906,2.9286202324591257,3,29.128573183116817,0.43580785061053207
1785389719999174100,475.1401740722656,58.72509193792939,0.30738148831992346,43.79445022099906,40.94279366778158,22.1350917853415,324.3165588378906,2.903999818921929,3,29.12857207239423,0.5677721402545222
1785389720999161300,476.14016137695313,58.73771528713405,0.30743784197452434,28.971157250019925,40.94280113900496,22.14771513454616,324.3165588378906,2.869149891182279,3,29.12856658297115,0.8584190892592115
1785389721999147800,477.1401477050781,58.85919144656509,0.3073736325133529,19.90428259447035,40.94281120462532,22.2691912939772,324.3165588378906,2.9020758366386508,3,29.12856005981465,1.24877820585821
1785389722999136300,478.1401362304687,58.99860560707748,0.3072906790102892,12.880796844303775,40.942827884734726,22.40860545448959,324.3165588378906,2.893378879209963,3,29.128548541463555,1.9125224777669385
1785389723999122700,479.14012280273437,59.15246172528714,0.3071198901408007,10.603088302165055,40.942847933977056,22.56246157269925,339.9499816894531,2.93063328229114,3,29.12853673967495,2.2863665528271246
1785389724999111000,480.14011083984377,59.26591297145933,0.3071060847694933,9.754417718258589,40.94286884342684,22.67591281887144,339.9499816894531,2.9105266607722653,3,29.128525642242266,2.474425399725288
1785389725999097900,481.14009790039063,59.547758410684764,0.30690895047148825,8.903779889475622,40.94289223418755,22.957758258096874,344.3786926269531,2.8948084869001653,3,29.12851711374627,2.6815236291341633
1785389726999085300,482.14008520507815,59.71213035658002,0.3068892918680216,9.225662574520273,40.94291558360802,23.12213020399213,344.3786926269531,2.91467844126779,3,29.12850830831359,2.62909143921032
1785389727999072000,483.1400720214844,59.91211272031069,0.30696754559594347,9.006183994984566,40.94293935038909,23.322112567722797,344.3786926269531,2.93067950026954,3,29.128500095432617,2.7025015363700224
1785389728999060000,484.14006005859375,60.116699159145355,0.3069484424510575,9.150401614124112,40.94296451708809,23.526699006557465,344.3786926269531,2.9151416511453045,3,29.128493235514792,2.6554443490993
1785389729999046700,485.1400466308594,60.287298562936485,0.3068997878934018,9.059148251106478,40.94299029778217,23.697298410348594,354.623046875,2.9231028548072695,3,29.12848824518851,2.6734118216207645
1785389730999034400,486.1400344238281,60.471390184015036,0.3068799227087233,9.180660113161526,40.943013980587764,23.881390031427145,354.623046875,2.899338623299525,3,29.128483956804683,2.629282682693405
1785389731999021300,487.1400212402344,60.66684711445123,0.3071830147361832,9.096131333811565,40.94303936678628,24.07684696186334,354.623046875,2.9612449480276504,3,29.12847914560537,2.6726696394061147
1785389732999008800,488.1400087890625,60.76033771876246,0.3069950693712697,9.52376671828403,40.943059875868826,24.170337566174567,3.2326741218566895,2.914032675493879,3,29.12847733270403,2.5043988270585595
1785389733998995700,489.13999560546876,60.91327030491084,0.3070211789985837,9.990825040028803,40.94307912947832,24.323270152322948,3.2326741218566895,2.9500420190330607,3,29.128479232857472,2.2646067427465058
1785389734998984400,490.139984375,60.871688233688474,0.3072431587539967,10.467239240590866,40.943098591321906,24.281688081100583,3.2326741218566895,2.990801372596605,3,29.128479959516554,2.0584321964741514
1785389735998971000,491.1399709472656,60.93134388513863,0.3073924231325248,11.364278729146058,40.943116221000246,24.34134373255074,3.2326741218566895,2.992728739561755,3,29.128481554499594,1.838681904871039
1785389736998957000,492.13995703125,60.98603221215308,0.30734241130848283,11.336329875102349,40.943131568168724,24.396032059565187,3.2326741218566895,3.067924375187571,3,29.12848250102426,1.8668470146946767
1785389737998946300,493.1399462890625,60.52383747138083,0.3076904886908101,14.614715884771622,40.94314035068305,23.93383731879294,3.2326741218566895,3.0804866201181014,3,29.12849775475441,1.6920475796419314
1785389738998933200,494.13993334960935,60.53876858204603,0.30769323898534445,24.911753760643673,40.943149276498474,23.94876842945814,3.2326741218566895,3.1648639637139326,3,29.12850077662003,0.999437194490342
1785389739998920400,495.13992041015626,60.674288927577436,0.3076817563683565,29.472100013143212,40.943156065416915,24.084288774989545,3.2326741218566895,3.1683857012109566,3,29.12850207661535,0.8451823113123125
1785389740998908400,496.1399084472656,60.672363417223096,0.3076749714997365,26.324615948188107,40.94316106408236,24.082363264635205,3.2326741218566895,3.1507540829719494,3,29.12850412169489,0.9462641622486647
1785389741998896000,497.13989624023435,60.9373121317476,0.3076744467169376,21.353368545717988,40.94317284569239,24.347311979159713,16.56226348876953,3.174925114105083,3,29.128506936279145,1.1666062388054053
1785389742998882300,498.1398823242188,61.02569050528109,0.3076473375905899,15.66734996560718,40.943186363880145,24.4356903526932,16.56226348876953,3.1307964586461057,3,29.128517336182195,1.5897772603718208
1785389743998869800,499.13986987304685,61.172439030371606,0.30759818216270596,11.858011615728868,40.943206197755494,24.582438877783716,16.56226348876953,3.1050787355852516,3,29.12852434773357,2.0998168875925804
1785389744998857500,500.139857421875,61.38536464050412,0.3075809008267459,11.159253107263895,40.94322429298814,24.79536448791623,16.56226348876953,3.1307660697137325,3,29.1285358611984,2.220936571602288
1785389745998844400,501.1398444824219,61.51898133661598,0.30755160302343176,180,40.9432405911263,24.92898118402809,25.514347076416016,3.135820143801564,3,29.12855115014453,1.9758878370301138
1785389746998832000,502.13983203125,61.634458418004215,0.30752560376751176,13.925950683756142,40.94325361221261,25.044458265416324,25.514347076416016,3.1334103639433906,3,29.12856357395703,1.731440741466266
1785389747998818800,503.1398188476563,61.75487709604204,0.30756209559990244,14.816798285563804,40.943266416208864,25.164876943454146,25.514347076416016,3.0767398458984427,3,29.128575304077227,1.6312594467836854
1785389748998806000,504.13980590820313,61.8654575701803,0.3074986511770727,180,40.94327872689104,25.275457417592406,25.514347076416016,3.05411332475277,3,29.12858682577995,1.5816717924182204
1785389749998793500,505.13979345703126,62.01938961073756,0.3074306862535824,180,40.94328950747041,25.42938945814967,35.52207946777344,3.0189033448744977,3,29.128599285042966,1.7054259780996683
1785389750998782200,506.1397822265625,62.093531732447445,0.30732836840121575,13.204422405757803,40.94330319069223,25.503531579859555,35.52207946777344,3.050497968479374,3,29.128612815651064,1.855848907211414
1785389751998769400,507.1397692871094,62.082830023020506,0.30731281225227886,180,40.94331559322707,25.492829870432615,35.52207946777344,3.0599929757649864,3,29.12863185175577,1.9392375894141103
1785389752998755800,508.139755859375,62.197511272504926,0.30724626338422834,180,40.94332792871546,25.607511119917035,35.52207946777344,3.0069933252786956,3,29.128648128087352,1.871919983925274
1785389753998743600,509.1397436523437,62.29396224953234,0.307329830196416,180,40.943336069287966,25.70396209694445,35.52207946777344,2.9566436533342757,3,29.128663416087843,1.62038438672616
1785389754998731300,510.13973120117186,62.31902031600475,0.3073289724625189,180,40.94334479632971,25.729020163416862,35.52207946777344,2.9477910826965736,3,29.128677963826924,1.6823020877764683
1785389755998718200,511.13971826171877,62.419513878412545,0.30718392533183936,180,40.94335342216994,25.829513725824654,51.63161087036133,2.907297236162965,3,29.128701119307838,2.1780591753545715
1785389756998706700,512.1397067871094,62.57225477788597,0.30684372145364874,180,40.943360594647515,25.982254625298083,51.63161087036133,2.8669444356594536,3,29.128725544257037,2.254885715385493
1785389757998693000,513.1396931152344,62.71370700933039,0.30695302016123227,180,40.943367131381976,26.1237068567425,51.63161087036133,2.829488039028468,3,29.12875373708468,2.276286566914514
1785389759000220400,514.1412204589843,62.84153403900564,0.3070892484650246,180,40.94337069236995,26.251533886417747,67.0379638671875,2.812692602506368,3,29.128775934862407,1.9079326423347467
1785389760000233500,515.1412333984375,62.93001519422978,0.30727457415303566,13.027082832252152,40.943375242768,26.34001504164189,67.0379638671875,2.8092945437431234,3,29.128798288435565,1.7597187240653003
1785389761000219600,516.1412197265626,63.05690807662904,0.3073877297951809,180,40.94337663808973,26.466907924041152,67.0379638671875,2.768829816431728,3,29.128820114809656,1.8202590058763468
1785389762000214500,517.1412145996094,63.18189866747707,0.30731604738811463,180,40.943377634622216,26.59189851488918,67.0379638671875,2.805176821988507,3,29.128844174784398,2.080345898090349
1785389763000228900,518.1412287597657,63.28770103678107,0.3072590507872205,180,40.94337779577735,26.697700884193182,67.0379638671875,2.7830256837433986,3,29.12887044844247,2.304969256520734
1785389764000212200,519.1412121582031,63.2982809394598,0.30759706761635824,180,40.94337531776814,26.70828078687191,85.90294647216797,2.8109868714545385,3,29.128896406184936,2.082243133450944
1785389765000217300,520.1412172851562,63.13479156512767,0.3079156836280121,13.734464720727622,40.9433721736021,26.54479141253978,85.90294647216797,2.7908618349018073,3,29.128918948647982,1.7932301165816014
1785389766000216800,521.141216796875,62.93301369249821,0.3080044085960911,14.893018410536612,40.943370008804024,26.343013539910316,99.21540069580078,2.7513187447370653,3,29.128939030712115,1.6712910600315831
1785389767000196900,522.1411967773438,62.9530523288995,0.3079378904422516,16.650940166829237,40.94336519312508,26.363052176311612,99.21540069580078,2.7824386782370243,3,29.12895842940505,1.4988795478262544
1785389768000199400,523.1411994628907,62.8368094144389,0.30796499911513875,20.53431679097822,40.94336373401753,26.246809261851013,99.21540069580078,2.8404782960726904,3,29.128965611501634,1.1611019504940687
1785389769000199200,524.14119921875,62.91601047385484,0.3080019214754671,18.334578254262908,40.943357928129075,26.32601032126695,99.21540069580078,2.8492997297403373,3,29.128976552821804,1.3512537422230477
1785389770000181500,525.1411813964844,63.028165626339614,0.3079739551176461,18.118023893013792,40.94335295123781,26.438165473751724,99.21540069580078,2.9021134841641762,3,29.128988016306188,1.3775199727253695
1785389771000189700,526.1411896972656,63.093318215571344,0.3076762270216216,20.114995059302725,40.94334796684605,26.503318062983453,99.21540069580078,2.962226989575933,3,29.12899327279678,1.240385865671413
1785389772000189000,527.1411889648438,63.184150816872716,0.3080045551639934,18.846136874464502,40.943347503528024,26.594150664284825,99.21540069580078,2.914115642114104,3,29.129007428796072,1.3196635458566908
1785389773000169700,528.1411696777344,63.205611396580935,0.307997410427256,18.945736279888386,40.94334561944587,26.615611243993044,99.21540069580078,2.8684098580972326,3,29.129012345974015,1.3113336147186645
1785389774000151000,529.1411511230468,63.42305091675371,0.3078272438195978,16.33608250431744,40.94334149022352,26.83305076416582,99.21540069580078,2.865820607983715,3,29.12902283149845,1.5016837398094758
1785389775000131300,530.1411313476563,63.430567882955074,0.3077588472309056,17.98726723706836,40.94334040406854,26.840567730367184,99.21540069580078,2.9422519487819345,3,29.129029205111863,1.3532870964768127
1785389776000112600,531.1411125488281,63.660526162944734,0.3076111949332933,20.010583637625533,40.94333768007426,27.070526010356843,99.21540069580078,2.960132216262749,3,29.129034695939637,1.0197288065471672
1785389777000094500,532.1410944824219,63.72907663602382,0.30746983515175935,21.62616949544507,40.94335303085153,27.13907648343593,99.21540069580078,2.9621751189799186,3,29.12903704217967,0.7734882490630849
1785389778000075800,533.1410756835937,63.62586972955614,0.3075558903139828,25.705965324326414,40.94335254834569,27.035869576968253,99.21540069580078,2.9306849465224896,3,29.129040964482343,0.6417291417322882
1785389779000059400,534.1410593261719,63.461702316999435,0.3077327542884607,35.01795499016924,40.9433533618521,26.871702164411545,99.21540069580078,2.8968019408364216,3,29.12903435147045,0.5735941341070914
1785389780000041700,535.1410417480469,63.426247246563435,0.30761699650829094,29.800820335722566,40.943353714360974,26.836247093975544,99.21540069580078,2.894450385099216,3,29.12903148598048,0.830790981721569
1785389781000023800,536.1410239257813,63.40022563748062,0.29032080776148084,16.77947109725279,40.943352737967736,26.810225484892726,99.21540069580078,2.898502439279038,3,29.129039422973168,1.386862286103726
1785389782000006100,537.1410061035157,63.333856579847634,0.2763557794521404,13.584152988157413,40.94333274327785,26.743856427259743,114.37095642089844,2.8918781093418087,3,29.12905730485275,1.7375960704482023
1785389782999990000,538.1409899902344,63.35495647601783,0.30789236358027655,19.484045225645133,40.94332885699108,26.764956323429942,114.37095642089844,2.869632373958493,3,29.12906861870001,1.2767764568977755
1785389783999973600,539.1409736328125,63.29312063194811,0.307851764136578,23.03309800190154,40.94332542444723,26.703120479360223,114.37095642089844,2.8514168268778413,3,29.129078611631247,1.0820520271844338
1785389784999956200,540.1409562988281,63.30226121842861,0.30782563224433956,21.5429915955826,40.943322117165394,26.71226106584072,114.37095642089844,2.8387204477395103,3,29.129088239972425,1.156884311451271
1785389785999940000,541.1409401855469,63.326900348998606,0.29899324013655776,14.167592483576392,40.94331566444699,26.736900196410716,114.37095642089844,2.8335272945163754,3,29.129107025374605,1.7339919495989533
1785389786999925000,542.1409250488281,63.32779814954847,0.30491586030000717,13.325679000340653,40.94329538380795,26.73779799696058,114.6340560913086,2.852071255574031,3,29.12911879250916,1.868997394929948
1785389787999909400,543.1409094238281,63.280149036087096,0.3079970063536939,19.230777511067863,40.94329113261061,26.690148883499205,114.6340560913086,2.809467692788169,3,29.129133765412853,1.296296796793439
1785389788999893200,544.1408933105469,63.291664213873446,0.3079250475016926,26.51515373429785,40.943286906603284,26.701664061285555,114.6340560913086,2.7796780963110064,3,29.129144340806572,0.9164212772993073
1785389789999878700,545.1408786621093,63.24395432975143,0.30790065598147653,28.95506430832104,40.94328297782127,26.65395417716354,114.6340560913086,2.740694191485332,3,29.129155008591084,0.8391964746391571
1785389790999862300,546.1408623046875,63.19871689658612,0.3078761389403257,40.37227838086488,40.94328026305743,26.60871674399823,114.6340560913086,2.7379188475245626,3,29.129161660818934,0.591440215236071
1785389791999847000,547.1408469238281,63.1905530737713,0.30789130629139005,45.901905132487066,40.943278591769655,26.600552921183407,114.6340560913086,2.770348604571155,3,29.129166613668012,0.5297017975069876
1785389792999831600,548.1408315429687,63.25889091100544,0.3079957079376292,41.15357031766195,40.943276978402515,26.668890758417547,114.6340560913086,2.775641387239239,3,29.129170676713848,0.6060622436959958
1785389793999817000,549.1408168945312,63.29220313671976,0.29210079447041515,21.956558639399496,40.9432742983704,26.702202984131873,114.6340560913086,2.7888487322586153,3,29.129179551424055,1.1264028089728426
1785389794999801600,550.1408015136719,63.328755606897175,0.22802356282852143,17.046297856735396,40.94326942467066,26.738755454309285,114.6340560913086,2.7890938119376383,3,29.12919715932993,1.807457673676465
1785389795999786800,551.1407868652344,63.27515128441155,0.3080146369038543,17.072428615061963,40.94326318299992,26.68515113182366,127.01100158691406,2.785770917079496,3,29.129209980122887,1.4613948465090525
1785389796999772700,552.1407727050781,63.181253924034536,0.30800007516195727,19.274015488324928,40.94325867345409,26.591253771446645,127.01100158691406,2.927501370081588,3,29.129222858766777,1.2931035000571665
1785389797999757300,553.1407573242187,63.15071982424706,0.30800482512087385,14.44776053764302,40.943250081852796,26.56071967165917,127.01100158691406,2.9682943807350393,3,29.129240198706423,1.7209844283197275
1785389798999743500,554.1407434082031,63.11809103470296,0.3079993440142676,15.636021985758521,40.943243378647125,26.528090882115066,127.01100158691406,3.158761462272848,3,29.12925875931961,1.5894601501601648
1785389799999729200,555.1407292480469,63.04822644684464,0.3079559471995947,23.543159324693512,40.943235713218364,26.458226294256747,127.01100158691406,3.2197913990797074,3,29.12927362741988,1.0466577521675495
1785389800999714300,556.1407143554687,63.10679069720209,0.30689775070666836,30.662687797930584,40.943230877996825,26.516790544614196,127.01100158691406,3.2188458031016083,3,29.129290551819416,0.81338212445019
1785389801999699700,557.1406997070312,63.09133646544069,0.3076913884297741,180,40.94322760085875,26.5013363128528,127.01100158691406,3.2637660298904687,3,29.129297230519875,0.12086750059461493
1785389802999686000,558.1406857910156,63.17939914483577,0.30688329186854535,66.57114906791395,40.94322805439642,26.58939899224788,127.01100158691406,3.3643179842522786,3,29.129295767965328,0.3747425014578929
1785389803999672000,559.1406721191406,63.1619560085237,0.30779431865858886,55.84735356112108,40.94322649648203,26.571955855935812,127.01100158691406,3.3493794974253475,3,29.12929831151388,0.4467584487813118
1785389804999657200,560.1406572265626,63.13198805972934,0.3052234646718304,16.366801702981572,40.943217135503474,26.541987907141447,127.78923034667969,3.4319836808101107,3,29.129319490907996,1.5241205112736376
1785389805999644200,561.1406440429688,62.954899329692125,0.304600012889453,13.47383350632036,40.94320863417922,26.364899177104235,127.78923034667969,3.4736678699031844,3,29.129344229817463,1.8499632377624395
1785389806999629600,562.1406296386718,63.07849193178117,0.3069886756126084,16.25237900597727,40.94320108826252,26.488491779193282,127.78923034667969,3.4465461983449748,3,29.129364980665105,1.532888687310721
1785389807999615700,563.1406157226562,63.268075635656714,0.30734564269429043,23.62209413515771,40.94319580029882,26.678075483068824,127.78923034667969,3.4280588911184364,3,29.12936934202711,1.0549491688071448
1785389808999601000,564.1406008300781,63.34748315811157,0.3076087786405636,42.929554816455195,40.943195179145434,26.75748300552368,127.78923034667969,3.4523633560886253,3,29.129375209666744,0.5806449786977665
1785389809999588600,565.1405886230468,63.36384084261954,0.3066739463021726,57.41889472310891,40.94319590193197,26.773840690031648,127.78923034667969,3.440844175621562,3,29.129380190674002,0.43420405644487514
1785389810999574000,566.1405739746094,63.26951096300036,0.30582101601001793,21.83824403437251,40.94319249876684,26.679510810412467,127.78923034667969,3.4723107398867987,3,29.129389022545325,1.1417687232598428
1785389811999560000,567.1405598144531,63.21369121782482,0.30737901048367916,16.459991655285073,40.94318683672368,26.623691065236926,127.78923034667969,3.4117693345212823,3,29.129402487183878,1.5144971757658336
1785389812999547000,568.140546875,63.21471306681633,0.3078269978528776,12.763812833893805,40.94317799049839,26.62471291422844,127.78923034667969,3.4210683576061087,3,29.1294222831457,1.939403339217925
1785389813999533600,569.1405334472656,63.273219547234476,0.30798373754550623,10.411065462749393,40.943166350864026,26.683219394646585,127.78923034667969,3.4019769296233013,3,29.129447784692992,2.3883836783184895
1785389814999519000,570.1405190429688,63.441334958188236,0.3070431029797848,9.353670794108444,40.943156337095985,26.851334805600345,127.78923034667969,3.4134678875767475,3,29.12947758474246,2.6649193139327765
1785389815999505400,571.1405053710937,63.547291782684624,0.24411805444389087,6.423429067913338,40.94313883414515,26.957291630096734,127.78923034667969,3.478509288133906,3,29.129520968459925,3.966215133669059
1785389816999492000,572.1404921875,63.751153035089374,0.29565323496009743,7.18552672450775,40.94310303657856,27.161152882501483,137.17420959472656,3.427962309957262,3,29.12957315200819,6.58806676567227
1785389817999477500,573.1404775390625,63.982260229066014,0.3078416045853807,7.2213071663948405,40.94303985345381,27.392260076478124,137.3264617919922,3.4258824181998495,3,29.129649017767527,9.877107456910098
1785389818999465000,574.14046484375,64.03627977799624,0.307832489351072,7.236777891468703,40.942952145514305,27.44627962540835,137.4757843017578,3.805095565724597,3,29.129758425895346,13.356156985957444
1785389819999451000,575.1404509277344,63.502013995312154,0.3076435627503073,7.229448830977815,40.94283682892757,26.912013842724264,137.01446533203125,3.2960265510289872,3,29.129898063383767,16.747115656507642
1785389820999437300,576.1404372558594,63.419075736775994,0.30766782304245077,7.234415010557386,40.942732675426825,26.829075584188104,137.01446533203125,4.300672708072036,3,29.1300405748557,16.207947854536734
1785389821999423500,577.1404235839843,63.14261306170374,0.3076183101586612,7.233389797269143,40.94261816766691,26.55261290911585,135.35702514648438,3.6797880171137,3,29.130162933431514,15.884405166265267
1785389822999410200,578.14041015625,63.255217106081545,0.30771292794354027,7.241431123602595,40.94251897183507,26.665216953493655,135.35702514648438,3.802744363361458,3,29.130286819938497,15.130819326546135
1785389823999397400,579.1403974609375,63.90801660530269,0.3078329539004077,7.24923587497174,40.94242497157062,27.3180164527148,135.35702514648438,3.8447344807875043,3,29.13040471491313,14.334919914263748
1785389824999382800,580.1403828125,63.979345680214465,0.3078843907566867,7.252030065359938,40.94233312189171,27.389345527626574,135.35702514648438,3.369533671589096,3,29.130516790366787,13.871440938756908
1785389825999373300,581.1403732910156,64.69152688421309,0.30795635098616425,7.251544434504357,40.942238975768575,28.1015267316252,134.89569091796875,4.4036832648556805,3,29.13063214332508,14.225650457999507
1785389826999356000,582.1403559570313,65.01559045724571,0.3080039431025215,7.256269812998901,40.94214948892416,28.425590304657817,134.89569091796875,4.323009233210119,3,29.130746197917514,13.994711398178822
1785389827999342800,583.1403427734375,65.33781023137271,0.3079359415737288,7.258849853756696,40.94206366948232,28.747810078784823,134.89569091796875,4.359886223074447,3,29.13085503601039,13.360743730397658
1785389828999329500,584.1403295898438,65.68640476185828,0.30796583869063127,7.182018209619519,40.9419817656606,29.096404609270394,134.89785766601562,4.337225374823884,3,29.13095556268521,12.36391841125189
1785389829999315700,585.1403156738281,66.19392221421003,0.30787591412480003,6.970535858382561,40.94191028796098,29.603922061622143,134.89785766601562,4.309946264224453,3,29.13105643664127,11.944237291895
1785389830999302700,586.140302734375,66.65169076994061,0.3078690309421502,6.962068179375608,40.94184380700991,30.061690617352724,134.89785766601562,3.785731724863105,3,29.13115237032775,11.543243388298505
1785389831999288600,587.1402885742187,66.61275529768318,0.3079390682042148,7.077789172597459,40.94176719361871,30.02275514509529,134.89785766601562,3.9598996749452975,3,29.131251736241037,11.257026729550281
1785389832999276300,588.1402763671875,66.60669731721282,0.30795592863376264,7.1320096728302085,40.941697348089605,30.01669716462493,135.1744842529297,3.824259626320411,3,29.131350360369176,11.260771203270675
1785389833999262200,589.1402622070312,67.34393509477377,0.3079287065600832,7.066167291359683,40.94163200538808,30.75393494218588,135.1744842529297,4.090300654257091,3,29.13144776467496,10.835984131508686
1785389834999249200,590.1402492675782,67.46750779170543,0.307904973997295,6.9803622925882785,40.94156493937575,30.87750763911754,139.1058349609375,3.1374033012551865,3,29.131539251871793,10.332754499227171
1785389835999235000,591.1402351074219,67.88198304455727,0.3079170734535398,6.962715775252187,40.941489820602314,31.291982891969383,139.1058349609375,3.1172590427522877,3,29.131608559630443,10.013711719412681
1785389836999221200,592.1402211914062,67.5502614621073,0.30793444958690147,6.943037164247136,40.941456139924874,30.96026130951941,128.49554078963936,3.407934693839616,3,29.131722277860124,9.030426003966989
1785389837999208000,593.1402080078125,68.30927226971835,0.3079389903154108,7.229931467356876,40.94141490461654,31.71927211713046,131.21146002250907,2.8398906427142223,3,29.13179278185834,7.69960990449932
1785389838999195400,594.1401953125,68.38334251381457,0.3079282896837462,7.244455349637168,40.94137766532473,31.793342361226678,133.4340320696294,2.6732858503389916,3,29.131846500031227,6.119244493603748
1785389839999181800,595.1401818847656,68.77828701864928,0.30796607027177636,7.253836161703494,40.94134460894171,32.18828686606139,135.86664121738778,2.542188670794412,3,29.131882996690052,4.81348888366471
1785389840999168500,596.1401684570312,68.73805728182197,0.3079215567594437,7.252245111514578,40.94131341821766,32.148057129234076,139.65163059547504,2.546908600397702,3,29.131917106722327,4.679733802550369
1785389841999155000,597.1401550292969,68.84506369847804,0.30796807988283603,7.256340296828368,40.94127893747564,32.25506354589015,142.5803095918472,2.6993690777096617,3,29.131949796042143,4.795622195671272
1785389842999142000,598.1401418457032,69.00079023651779,0.30797272220178,7.257134820803976,40.941251036756725,32.410790083929896,143.78765191345937,2.637962614883553,3,29.13197419928626,3.6732990762140227
1785389843999129300,599.1401293945313,69.08606451470405,0.3079846712876479,18.4470111816809,40.94124124081361,32.49606436211616,143.4131461867061,2.730460628028371,3,29.131979631600625,1.352620223410338
1785389844999115500,600.1401154785157,69.0895544141531,0.30796397060769265,41.229905497746984,40.94123742896679,32.49955426156521,143.178693082471,2.6978178666090287,3,29.13198157328056,0.60514248967852
1785389845999102700,601.1401027832031,69.16583394166082,0.30796208351458965,103.87898962643169,40.941235467958336,32.57583378907293,142.92921951891296,2.769300019401513,3,29.131981899245055,0.2401915325094328
1785389846999089200,602.1400891113282,69.23275302164257,0.3079308972373273,69.4637383195609,40.941231800452755,32.642752869054675,142.8419741903858,2.8634150240250467,3,29.13198032115299,0.3591302455665667
1785389847999076400,603.1400764160156,69.30496167764068,0.30790796178356145,12.621719278820928,40.941217077848385,32.714961525052786,142.62341131888735,3.0380229940367465,3,29.13199424408595,1.9762723314162876
1785389848999061500,604.1400615234375,69.50455740094185,0.3079277257069274,7.650043342423004,40.941192392068146,32.91455724835396,143.28600082411174,2.991579635869037,3,29.132018773703496,3.2610384907936774
1785389849999048200,605.1400480957032,69.66601031553,0.30791982850968497,7.257858263810465,40.94116293771028,33.07601016294211,144.2120467252916,2.920752525264474,3,29.132046750984422,4.039978707922435
1785389850999036000,606.1400358886718,69.80102316383272,0.3079079194850233,7.257830893081044,40.94112366237466,33.21102301124483,143.45076561464722,3.092308453625805,3,29.132083947541666,5.070237446663498
1785389851999022800,607.1400229492187,70.0708815837279,0.30791520764782954,7.258035179564468,40.9410765936729,33.480881431140006,141.96922035497752,3.207093378922616,3,29.132134631221927,6.474933237334042
1785389852999008500,608.1400085449219,70.20508588198572,0.3079306836319328,6.787597226847016,40.941011546165996,33.61508572939783,140.2894920066136,3.2283839086831074,3,29.13220620912541,8.731110175334326
1785389853998995700,609.1399956054687,70.84281563386321,0.30778125799782746,5.410152749346269,40.940942371252106,34.25281548127532,139.85048622906305,3.2765677604880934,3,29.132287510356235,10.485096174192185
1785389854998983200,610.1399831542968,71.51613859366626,0.30758253359793036,4.870363023940261,40.940861811848286,34.926138441078365,140.3591289174299,3.1456282194373775,3,29.13237927593357,11.872771137528668
1785389855998969000,611.1399689941406,71.9658120740205,0.3074161573722885,4.312378307127589,40.9407735292138,35.375811921432614,141.20067469512674,3.2198370889307877,3,29.13247656572485,12.823353242709711
1785389856998956000,612.1399560546874,72.42194884363562,0.3075326132338022,4.562420160301073,40.9406776820424,35.83194869104773,142.00219214162084,3.1243128137673875,3,29.132579287016235,14.157533457732633
1785389857998941700,613.1399416503906,72.6862761368975,0.3077839875540535,5.365666881760329,40.94056040608469,36.096275984309614,142.50463430955455,3.0914476052255524,3,29.132700776941384,16.674110994694043
1785389858998960400,614.1399604492187,72.95045765209943,0.30798592876536324,6.924156237435693,40.94043132457524,36.36045749951154,142.90843916046046,4.100435597719337,3,29.132831345581426,17.85759825682442
1785389859998916400,615.1399162597656,73.74641858041286,0.30764490971705555,4.801241115697816,40.94030695089268,37.156418427824974,142.14699485089565,2.8814404697966376,3,29.132957009914083,17.10803758861166
1785389860998902300,616.13990234375,74.34664986748248,0.3071701938933033,3.8112494181239893,40.94019472353355,37.75664971489459,140.29748470911488,3.2768748900722233,3,29.13307890497348,15.975575472628142
1785389861998888400,617.1398884277344,74.8423113077879,0.30741587435514256,4.229929889509415,40.940097089075635,38.252311155200005,138.23209753821817,2.950195181450904,3,29.13319553325808,14.610761834171178
1785389862998875000,618.139875,74.51466667279601,0.30784822762963443,6.062116150075056,40.940008410313766,37.92466652020812,135.88573751409038,2.6254829858767197,3,29.133310561612973,13.679292642783436
1785389863998862800,619.1398627929688,74.30954220984131,0.3080079938668293,7.216448539306136,40.939929615148905,37.71954205725342,133.89118968598623,2.737208628777894,3,29.13342006930376,12.673620255984439
1785389864998849300,620.1398493652343,73.9403524780646,0.30801146644177674,7.248863044613762,40.93985780910102,37.350352325476706,132.57613910933557,3.5240619906936965,3,29.13352153960802,11.596251635239337
1785389865998836500,621.1398364257813,73.95841367170215,0.30800528116329756,7.152600797570547,40.93979746021955,37.368413519114256,131.47523129011617,3.9070700572481827,3,29.13361152461776,10.166439795523246
1785389866998822400,622.1398225097656,73.82717118039727,0.3079821026806854,6.646515619731934,40.93974462705488,37.23717102780938,130.04909464239933,3.8308614156721914,3,29.13369896743439,9.352447885565192
1785389867998809900,623.1398098144531,74.0349792810157,0.3079970490273975,6.89253386977934,40.93969895965343,37.4449791284278,129.3743192162938,3.4878430131524936,3,29.13377911513606,8.495080434106741
1785389868998795800,624.1397956542969,73.90878306515515,0.3079789966179099,7.076525107969825,40.93965757874157,37.31878291256726,130.25374372693184,3.339175380149798,3,29.13384614081033,7.508836419625312
1785389869998782000,625.1397819824218,73.90507288929075,0.30800215884790216,7.236214867033911,40.93961998609106,37.31507273670286,132.67029823712014,3.484647581098363,3,29.133900260405206,6.373791451632616
1785389870998769400,626.1397692871094,74.29566592443734,0.30800798093690235,7.25269794823485,40.93959752832476,37.70566577184945,134.61653689957356,3.2952193090682402,3,29.133941420612274,4.4113697037082495
1785389871998756400,627.1397563476562,74.5052804807201,0.3079904529335917,8.015661501492664,40.93957974199379,37.91528032813221,135.31784421501024,3.2769238229433406,3,29.133969785110434,3.1134459330309396
1785389872998743600,628.1397436523438,74.72520211990923,0.3079996787472952,9.772861849014824,40.93956083020966,38.135201967321336,135.26776694534536,3.244522249991227,3,29.133994793010643,2.5517831091496284
1785389873998730200,629.1397302246094,75.0049461433664,0.30799000528815734,13.55925718135448,40.93954857231657,38.414945990778506,135.43898719480737,3.1699005412870376,3,29.134009608301,1.8391346061314162
1785389874998717200,630.1397172851563,75.22324391454458,0.30799445322968727,18.938103932312956,40.939540632411735,38.63324376195669,135.56725509142365,3.0905589958986597,3,29.134019184808995,1.3172389204171835
1785389875998703000,631.139703125,75.43832686543465,0.30794715145451806,13.457168103611552,40.93952898448581,38.848326712846756,135.70464168347345,3.042411888216363,3,29.134033996918802,1.854417642782705
1785389876998690300,632.1396901855469,75.41381742525846,0.3079385342849855,11.821897375186786,40.93951571852283,38.82381727267057,135.88853371313454,3.023821410916226,3,29.13405402632933,2.1105335447998277
1785389877998677200,633.1396772460937,75.50417134631425,0.3079281685362422,10.91422303442205,40.93950214493356,38.91417119372636,135.9746408560104,2.963542971271385,3,29.134073842761556,2.2860221017305307
1785389878998663400,634.1396633300782,75.54983723443002,0.3079134024246018,10.14895788606889,40.93948612078689,38.959837081842124,135.755116548942,3.091973770133576,3,29.134095185993637,2.4588176695760056
1785389879998650000,635.1396501464844,75.7185644172132,0.3078107075079592,8.86255487597442,40.939468015818356,39.12856426462531,135.49222978739633,3.0105228007748743,3,29.13411840047801,2.815455620843963
1785389880998636300,636.1396362304688,75.77700045518577,0.3078536431669539,10.129119072790834,40.93945263364163,39.18700030259788,135.62062972805333,2.9383426012649667,3,29.134139591220823,2.462870447348404
1785389881998623500,637.1396235351563,75.91024038661271,0.3078768722327895,10.807573272764378,40.93943770415957,39.32024023402482,135.77436794184214,2.9799475910016477,3,29.134157615644934,2.308755179741572
1785389882998609700,638.1396096191406,75.9722314402461,0.3078890508079996,22.05765345195224,40.93942965554172,39.382231287658215,135.89832437532945,3.1212273991060955,3,29.134167121367952,1.1309225643050622
1785389883998596600,639.1395966796875,75.96416152268648,0.3079776753831744,104.0015305082,40.939430299743336,39.37416137009859,136.1409131589903,3.2123106613417653,3,29.13417000448012,0.2399033081555936
1785389885000116000,640.1411159667969,76.00989873986691,0.3079518583676877,48.01788054343342,40.939428854939095,39.41989858727902,136.19521437012256,3.2828734816083203,3,29.13417284884705,0.5196883324519677
1785389886000123100,641.141123046875,75.90098143927753,0.3078921772121875,18.666908781510543,40.93942080226942,39.31098128668964,136.3187555714338,3.2799776245896437,3,29.13418885346823,1.3368613266277156
1785389887000110000,642.1411101074219,76.13879517279565,0.30783535651723065,13.175380428015785,40.93940921112578,39.54879502020776,136.2376512487462,3.280690884495187,3,29.134207617576497,1.893874285747302
1785389888000116000,643.1411159667969,76.40413848031312,0.30754100552396113,9.455258899714348,40.93939624705936,39.81413832772523,136.0928309517435,3.389349592843112,3,29.13422839406158,2.639010621806138
1785389889000123100,644.141123046875,76.61723159719259,0.3077621994481724,10.37573253956899,40.93938355570351,40.027231444604695,136.3112594646242,3.3653409155784977,3,29.134248638279963,2.404724513295018
1785389890000108300,645.1411083984375,76.72200543619692,0.3077724682738362,10.021682482933281,40.93936848876095,40.13200528360903,136.51896879795842,3.3511123160690977,3,29.13426797859222,2.4898734495804535
1785389891000116200,646.1411162109375,76.79669151455164,0.30785010427148485,10.551290227155144,40.939356454619485,40.20669136196375,136.63975259005431,3.363029591634219,3,29.134287343071975,2.365139009071333
1785389892000119300,647.1411193847656,76.97536318283528,0.3077928998272595,9.465249038421073,40.9393390684708,40.38536303024739,136.651749159817,3.2948781090619375,3,29.1343086586363,2.6363372143112005
1785389893000103000,648.1411030273438,76.83226064685732,0.30789076753393463,15.62880031310971,40.939334593290965,40.24226049426943,136.66140692583204,3.2437943587133122,3,29.134311074082515,1.5968252802052156
1785389894000104200,649.1411042480469,77.11889968439937,0.3078949571531753,17.939479951588098,40.93932615526596,40.528899531811476,136.9553736157299,3.304255853674213,3,29.134326901536813,1.3910787456263674
1785389895000111000,650.1411110839844,77.10265029221773,0.3078386083943725,14.415979988178554,40.93931219768807,40.51265013962984,136.78946682014563,3.304809762528105,3,29.13434488253672,1.730909681392697
1785389896000095000,651.1410949707031,77.24063206464052,0.3078184316818764,16.362536262028392,40.93930127836153,40.65063191205263,136.67673678911126,3.2395692668285383,3,29.134361034268544,1.5249587294247298
1785389897000095700,652.141095703125,77.29298248048872,0.3078152320767485,16.827839410552176,40.93929080333646,40.70298232790083,136.57800966663638,3.2065420398532636,3,29.134375775831213,1.4826057828280916
1785389898000097500,653.14109765625,77.63597283605486,0.30782935429442426,23.450836839142955,40.93928491428717,41.04597268346697,136.6574167469066,3.228511570982506,3,29.13438807440129,1.0635955958687568
1785389899000077800,654.1410778808594,77.63136587943882,0.3078165254054347,23.754862330135225,40.93927720283631,41.04136572685093,136.50750654673138,3.258064174246989,3,29.134398834784907,1.0498632765780211
1785389900000058000,655.1410581054688,77.72427465487272,0.30782942324915996,24.192712391575242,40.93927052258025,41.134274502284825,136.45484774061575,3.1951609658607496,3,29.134407696263665,1.0308832789307856
1785389901000039700,656.1410397949219,77.7441210495308,0.3078486436439673,17.760899634162886,40.939262020250375,41.15412089694291,136.37031097280607,3.1614231275912834,3,29.134421377465802,1.4048066144068019
1785389902000022300,657.1410222167968,77.79118278902024,0.307839245591707,12.615113519446075,40.93924830370193,41.20118263643235,136.03246102516454,3.10335198449158,3,29.134441410787247,1.978082798426215
1785389903000002800,658.1410029296875,78.00684075336903,0.3078902815735993,11.982308528362987,40.939236561993106,41.41684060078114,136.02333934016553,3.1418327145640745,3,29.134455355757325,2.0827640976617925
1785389903999985200,659.1409851074219,78.04970782343298,0.3072495440131467,8.52913393451206,40.93921815381462,41.45970767084509,135.88454816425698,3.1301544477710332,3,29.13447795408907,2.9254000678980137
1785389904999967500,660.1409675292969,77.89237776398659,0.3077297529070034,7.389438740886333,40.93919523762381,41.3023776113987,135.92465992602885,3.1443370796532815,3,29.134504196534213,3.377200936069791
1785389905999950300,661.1409504394531,78.10999388806522,0.3076716986652054,7.258306761344813,40.9391707003223,41.51999373547733,135.90434635759433,3.1586568174562455,3,29.13453342521425,3.537912920599041
1785389906999933400,662.1409333496093,78.08102581743151,0.30741820886576376,8.292558228554798,40.93915058784592,41.49102566484362,136.0099620035557,3.1299531734714305,3,29.134560788142114,3.0088146032987093
1785389907999916500,663.1409165039063,78.06810148153454,0.3075606367309289,11.544002220974907,40.93913648404055,41.47810132894665,136.2011680984964,3.125991179578599,3,29.134579312618467,2.1612942927249947
1785389908999900200,664.1409001464843,78.0692385956645,0.3077856147144606,19.344823179838347,40.93912834499252,41.47923844307661,136.25088556379774,3.069691600290068,3,29.13458941969878,1.2896909986833676
1785389909999883800,665.1408837890625,78.15827941242605,0.3078522295388835,22.32908019519203,40.93912036421173,41.568279259838164,136.40611047806743,3.040772836172415,3,29.134599578625927,1.1171554120790175
1785389910999867600,666.1408676757812,78.2088575931266,0.30788700723367673,27.052433228311553,40.939115503342116,41.618857440538704,136.36213306577025,3.099486652723979,3,29.134604845316648,0.9222221722973403
1785389911999851300,667.1408513183594,78.22789154667407,0.3078817839572878,24.542868828918905,40.9391095140466,41.63789139408618,136.36486221775442,3.131730447143477,3,29.134612086458596,1.0166070334838173
1785389912999835400,668.1408354492188,78.23052209988236,0.30786733231063146,20.434945875595044,40.93910102982538,41.640521947294474,136.3597458421202,3.087561670548063,3,29.13462183535287,1.2209793232393602
1785389913999820000,669.1408200683594,78.20814291480929,0.3078412674169646,17.166983729267372,40.939091756729134,41.618142762221396,136.46535407819516,3.1352814680399614,3,29.134634216472747,1.4534063287686203
1785389914999803100,670.1408032226562,78.29521404858679,0.30781781698161936,16.736346148580864,40.93908142104497,41.705213895998895,136.71157255519233,3.086910636426441,3,29.13464642674747,1.4907103542008526
1785389915999787500,671.1407875976563,78.39744070544839,0.30783595367259003,20.243961524201843,40.93907319260369,41.8074405528605,136.968525905367,3.0325650976645804,3,29.13465537698745,1.232356311237514
1785389916999773000,672.1407729492188,78.4424350373447,0.30768100032602164,14.069596817722868,40.93906258447809,41.8524348847568,137.7595030615386,2.98138400982031,3,29.134669586483326,1.7733960370752144
1785389917999757300,673.1407573242187,78.41041807923466,0.30750356613546764,10.00758148747518,40.93904542351728,41.82041792664677,138.71472988200168,2.932314852991734,3,29.1346899401319,2.4931571189827086
1785389918999741400,674.1407414550781,78.55157443787903,0.3071248028962924,7.558743838338085,40.93902316738905,41.961574285291135,143.35608468815346,2.925942186082775,3,29.134714128882177,3.3010791291315726
1785389919999726800,675.1407268066406,78.68037915602326,0.3068245362351851,7.257969508476041,40.93899368047807,42.09037900343537,144.67704950486512,2.889423166012406,3,29.134742671433653,4.1929010034693155
1785389920999711500,676.1407114257812,78.94799774792045,0.30659737718408153,7.257955904142552,40.93895353964575,42.35799759533256,139.99709955282373,2.887710096670024,3,29.13479029561482,5.732447010626191
1785389921999697200,677.140697265625,79.10833301581442,0.3059313120173407,7.257748357660651,40.938908583895504,42.51833286322653,136.36676926000843,2.843324689257655,3,29.134851971720938,6.961656772015981
1785389922999681500,678.140681640625,79.24806432519108,0.30715148718185553,7.257218935548167,40.93886422699776,42.65806417260319,136.16217701982728,2.777067806637081,3,29.13491119176994,7.029670773601295
1785389923999667700,679.1406677246093,79.57037916220725,0.30635918342048046,7.257337538167804,40.9388272469735,42.980379009619355,136.100956452779,2.76965109301441,3,29.134957894661166,6.010207082351551
1785389924999652400,680.14065234375,78.72080695349723,0.30691660443603835,7.258033092203597,40.93879439924175,42.13080680090934,135.21510136767296,3.11563799998488,3,29.13499077452098,4.895301911328607
1785389925999637200,681.1406372070312,78.9568227706477,0.30723029685277564,7.258164887221091,40.938767637900526,42.366822618059814,135.43661906327358,2.9916782013677974,3,29.135026324853758,4.091172203570789
1785389926999623000,682.1406228027344,78.67674111574888,0.30696600175378747,7.256815907068978,40.93874640581459,42.08674096316099,136.7749465210477,2.892510382495147,3,29.135067119150904,3.4775130869850024
1785389927999609300,683.140609375,78.48540331237018,0.30696662438336536,10.405691719115838,40.93873179773983,41.89540315978229,137.28124310208293,2.843038567680194,3,29.135090071137743,2.3968148121088095
1785389928999594800,684.1405947265625,78.37476466596127,0.30770144725579424,18.081918196106162,40.938723928117426,41.784764513373375,137.55847334497122,2.9330829763635746,3,29.135101798530936,1.379388795894449
1785389929999579400,685.1405793457031,78.72518620453775,0.30785061258443946,22.300451446395538,40.938719695212804,42.13518605194986,137.72555421295294,2.9607288774904257,3,29.13511063540847,1.1185663227312057
1785389930999565000,686.1405649414063,78.93435337115079,0.3078618403524952,24.460197132936976,40.93871305405886,42.3443532185629,137.88513262816596,2.96574893721707,3,29.135117949192804,1.0198125323658156
1785389931999550700,687.14055078125,79.01191843673587,0.3078336642317701,20.235471656990992,40.938705351541785,42.42191828414798,138.0242746414131,2.9039970363045304,3,29.135128568584086,1.2327400923051912
1785389932999536600,688.1405366210937,79.10517353191972,0.30778990705406506,18.495148126045294,40.93869597921971,42.51517337933183,138.13874339513396,2.8787265708563354,3,29.135139089015414,1.3485474516321572
1785389933999522600,689.1405224609375,79.01907925773412,0.30777282356448077,17.944785487773668,40.93868765203472,42.42907910514623,138.25249558592955,2.8270367836103563,3,29.13515179228019,1.3898242608263203
1785389934999508700,690.1405087890626,78.96577170491219,0.30657657119347054,10.692905974802532,40.938671068263126,42.375771552324295,141.11438460725324,2.811768802025502,3,29.13516857737271,2.333048607719216
1785389935999494700,691.1404946289063,79.1659801164642,0.306207179283587,7.258501247939334,40.93863256078947,42.57597996387631,145.169372155958,2.7943453347961857,3,29.135204507071418,5.156953991956131
1785389936999480300,692.1404802246094,79.1939685754478,0.3041775320322316,7.258362049843604,40.938568250512226,42.60396842285991,139.82152196181264,2.771658994532575,3,29.135280628419505,9.259759783979888
1785389937999465500,693.1404655761719,79.26124955434352,0.3034848727608368,7.256128733955174,40.93849706237733,42.67124940175563,138.65725406522398,3.0617423486100543,3,29.13537294743571,10.680450039967889
1785389938999451100,694.140451171875,79.4218455189839,0.30432377570254787,7.255834204236213,40.938432825566686,42.83184536639601,138.41986845277467,3.2398366434816195,3.1828001079894763,29.135455162651084,9.476771130233
1785389939999437300,695.1404372558594,78.94492937624454,0.30226257086706865,7.256169831194006,40.9383823484237,42.354929223656654,136.63485128803498,2.985011800736576,3,29.135520100735956,7.7593637927679175
1785389940999423500,696.1404235839843,79.16774901561439,0.3050856391393604,7.255095308768133,40.93833945125517,42.5777488630265,133.0076904002283,2.7488565634833817,3,29.135578906221493,6.88227797885315
1785389941999410200,697.14041015625,79.19349705055356,0.30566535988494814,7.256557037361433,40.938307864890874,42.60349689796567,132.86351869311616,2.722262047496377,3,29.135624952817857,5.448310784216135
1785389942999394600,698.14039453125,79.23927670996636,0.30721690070718993,7.256484794147561,40.93827514067774,42.64927655737847,134.70033459709626,2.8148147294266725,3,29.135669078390197,5.472130805740262
1785389943999381500,699.1403815917969,79.321772582829,0.3069343731969708,7.255887596569654,40.93824696516736,42.73177243024111,135.47182272528718,2.6790122798510025,3,29.13570540829755,4.599615740633047
1785389944999367000,700.1403669433594,79.50149025861174,0.30694894119677274,10.199309183333503,40.9382314676111,42.91149010602385,135.89605720436845,2.6610273116267775,3,29.135721840264612,2.4448713682341365
1785389945999352800,701.1403527832031,79.58024363778532,0.30763266576188925,15.951646015189752,40.93822260921559,42.990243485197425,136.15561241416972,2.731810435054356,3,29.135732528742796,1.5631432255276614
1785389946999340500,702.1403405761719,79.5073552550748,0.30742025500159254,11.959208114968751,40.93820939464751,42.91735510248691,136.43501470641854,3.324631229948414,3.3157762347809343,29.135747988900388,2.085673281243358
1785389947999325200,703.1403251953125,79.69056607410312,0.3074000978724544,9.049130310526374,40.93819034688724,43.100565921515226,137.0132920754889,3.483617880407635,3.452251075899206,29.135771043324247,2.7558890901108875
1785389948999312400,704.1403125,80.03370017185807,0.3075953767206925,10.374923703481441,40.93817307423689,43.44370001927018,137.58518473412238,3.7643378577873605,3.6703904852770832,29.13578827941115,2.403563247995658
1785389949999298000,705.1402980957031,80.44256754219532,0.3076107170707316,11.465487291665303,40.9381575413275,43.85256738960743,137.9148347200517,3.739878130632666,3.161957040833422,29.13580380369815,2.174914058409833
1785389950999283200,706.140283203125,80.66055984143168,0.30745724338522035,9.540026928826576,40.93814184042988,44.07055968884379,136.60800170898438,3.730935215223282,3,29.1358265243331,2.6138949989277074
1785389951999270400,707.1402705078125,80.7909071939066,0.3074721707440214,8.818606153914004,40.93812373466152,44.200907041318715,136.60800170898438,3.6638946973522337,3,29.13585341053948,2.8274650920798505
1785389952999255600,708.1402556152344,80.7629222329706,0.30742797239862896,8.8750781179286,40.938110342839956,44.172922080382705,136.60800170898438,3.608480764464666,3,29.135880813733714,2.809409180576869
1785389953999242500,709.1402424316407,80.80749412532896,0.30730711504507185,8.042769323624846,40.93809264274423,44.21749397274107,136.60800170898438,3.5790992787913707,3,29.13591010179178,3.0998400010408815
1785389954999229000,710.1402290039063,80.8106052512303,0.3072694813546642,9.289876739114407,40.938073419159686,44.22060509864241,136.60800170898438,3.5547828238271744,3,29.13593277615479,2.683087417911435
1785389955999215600,711.1402155761718,80.86599559523165,0.3075279162175289,10.06029855252716,40.93805516936679,44.27599544264376,136.60800170898438,3.651559830087932,3,29.135952282634534,2.4776128335488674
1785389956999200500,712.1402004394531,81.05600422993302,0.30725976724428095,8.656604677121555,40.93803422776784,44.46600407734513,136.60800170898438,3.8296353544714288,3,29.135973947642213,2.878793943886757
1785389957999186700,713.1401867675781,81.1961526228115,0.30747935574875396,8.952650418339859,40.93801420406047,44.606152470223606,136.60800170898438,3.7381535826112313,3,29.135997083427085,2.782912169556251
1785389958999172900,714.1401728515625,81.22489433269948,0.3075179777298882,9.712115314340046,40.93799755434155,44.63489418011159,136.60800170898438,3.742612309313559,3,29.136016677845525,2.565820219699188
1785389959999159300,715.1401591796875,81.16370896529406,0.3068166342301972,7.887179734594809,40.937975449761275,44.57370881270617,136.60800170898438,3.7604026881317125,3,29.136041624823516,3.1591208485230573
1785389960999146000,716.1401459960938,80.93557030521333,0.3071744441696899,7.253843690536741,40.93795284369599,44.34557015262544,136.60800170898438,3.7647366261423683,3,29.136072612011223,3.6414782497027325
1785389961999132200,717.1401320800782,80.88909065164626,0.3074582921942395,8.311464002050531,40.93794104359803,44.299090499058366,136.60800170898438,3.7484774943318087,3,29.13608837446286,2.9996199514041706
1785389962999118300,718.1401184082031,80.5499466471374,0.30726687735574215,10.366650499210955,40.937921227526566,43.95994649454951,136.60800170898438,3.7258259043625497,3,29.136110323542646,2.404305297141713
1785389963999104500,719.1401044921874,80.44000761583447,0.3073515132707263,12.97126575633175,40.93790661049985,43.850007463246584,136.60800170898438,3.7168271788700595,3,29.13612762546158,1.9204575019030612
1785389964999090700,720.1400905761719,80.3189945248887,0.30762769438332316,14.057413766389752,40.937894130480764,43.728994372300804,136.60800170898438,3.7248964922678884,3,29.136139724066187,1.7725692613123665
1785389965999077600,721.1400776367187,80.24209966417402,0.30761441788365756,13.10911172620401,40.93788621616911,43.65209951158613,136.60800170898438,3.7183975422331943,3,29.1361534318174,1.9019649955827984
1785389966999062500,722.1400625,80.48940553423017,0.30766679898463667,16.14282067399013,40.937879188683794,43.89940538164228,136.60800170898438,3.6748093493222234,3,29.13616975657491,1.5443292960137331
1785389967999049000,723.1400490722656,80.45011743437499,0.30772930368664975,24.02997630550773,40.937871614022725,43.8601172817871,136.60800170898438,3.591068879259284,3,29.136180739085635,1.037176943986398
1785389968999036400,724.1400363769532,80.51603479217738,0.3077750300496011,36.25316856328579,40.93786964197012,43.92603463958949,136.60800170898438,3.5511705988834334,3,29.136190348586158,0.6873601060904347
1785389969999021000,725.1400209960938,80.43942771386355,0.30778306210627415,41.3855399814329,40.93786824906032,43.84942756127566,136.60800170898438,3.4736120684847376,3,29.136200030874992,0.601993428223118
1785389970999007200,726.1400073242188,80.46808806620538,0.3077905915834589,58.62095422435568,40.9378659233457,43.87808791361749,136.60800170898438,3.4578116959859333,3,29.136200716702426,0.4250647722738648
1785389971998995000,727.1399948730469,80.48251731600612,0.30774350201221123,61.77365649021026,40.93786351226364,43.89251716341823,136.60800170898438,3.4473616381651895,3,29.136205194655407,0.4033572440476982
1785389972998981000,728.1399812011718,80.47308039478958,0.3077375637708128,68.63393850139308,40.93786176200637,43.883080242201686,136.60800170898438,3.3860028948405394,3,29.13620927754318,0.3630463725630548
1785389973998967600,729.1399675292969,80.49826766550541,0.3076949837217934,72.33111115179186,40.93786093186361,43.90826751291752,136.60800170898438,3.511918554522166,3,29.13621265134707,0.3445180805145963
1785389974998953000,730.1399528808594,80.545050711371,0.3077065359207615,70.03363789953991,40.93786035985474,43.955050558783114,136.60800170898438,3.520913627712683,3,29.136215284675423,0.3558601900758483
1785389975998939600,731.1399396972656,80.53312393836677,0.3076553342777731,26.977477382382677,40.93785474381786,43.94312378577888,136.60800170898438,3.55515871704797,3,29.13622378721332,0.923957605190888
1785389976998925300,732.1399252929688,80.54388796165586,0.30749225081302856,16.260257845737822,40.937845083825614,43.953887809067965,136.60800170898438,3.524542519116329,3,29.136238216586438,1.5328583158684375
1785389977998912800,733.1399128417969,80.49583728704602,0.3075482982649849,18.931081626049444,40.93783471592627,43.905837134458125,136.60800170898438,3.529364674864799,3,29.136248922058602,1.3163561266138806
1785389978998897700,734.1398977050782,80.46274946723133,0.30735669117150854,14.34092739720321,40.93782312552746,43.87274931464344,136.6690216064453,3.5684735939085863,3,29.136260815920334,1.7382175197002856
1785389979998885600,735.1398857421875,80.38316361233592,0.30729443401664597,11.256856245939845,40.93780761400805,43.79316345974803,136.6690216064453,3.566241514262429,3,29.136279609411282,2.214078650822211
1785389980998870800,736.1398708496093,80.37321787606925,0.3074445491169707,12.470009806469594,40.937794141393795,43.78321772348136,136.6690216064453,3.4989108722990374,3,29.136295866141626,1.9982484940427585
1785389981998857200,737.1398571777344,80.33585690055043,0.30778041059144906,13.470251604391624,40.93778254040137,43.745856747962534,136.6690216064453,3.48233868843913,3,29.136311180705338,1.8226673723448839
1785389982998843400,738.1398435058594,80.36461596004665,0.30799766685729707,10.365052242637972,40.9377701356072,43.77461580745876,136.6690216064453,3.4598023414157364,3,29.13633132475075,2.391127371548198
1785389983998829800,739.1398298339843,80.33886109199375,0.30731941264521795,9.786339299045306,40.937753771034295,43.74886093940586,136.6690216064453,3.4299352625418624,3,29.13635367756035,2.5493163080221914
1785389984998817000,740.1398171386719,80.27595168538392,0.30798841599625826,14.692565322386278,40.93774264803362,43.685951532796025,136.6690216064453,3.3584384880209317,3,29.13636883528368,1.6696907800268599
1785389985998803500,741.1398034667968,80.22187865246087,0.3079211090038022,16.257336790264628,40.937734759582426,43.63187849987298,136.6690216064453,3.313566041071715,3,29.136379386411722,1.3592271912345897
1785389986998789400,742.1397893066406,80.22740659117699,0.30797126982945205,15.32553923711242,40.93772352702293,43.637406438589096,136.6690216064453,3.3125176698318644,3,29.136390394207726,1.5840805680648664
1785389987998775000,743.1397751464843,80.16710014641285,0.30783729873257537,10.644521794950876,40.93770830875187,43.57709999382496,136.6690216064453,3.296136655889714,3,29.136409784034424,2.3446302654264777
1785389988998761700,744.13976171875,80.16989397257566,0.3066516876105292,9.723225028745155,40.93769293255765,43.579893819987774,136.6690216064453,3.270633777114355,3,29.136432124770682,2.554350547137055
1785389989998748000,745.1397478027344,79.92412383202463,0.30797282299228856,13.07871440494986,40.93768526510173,43.33412367943674,136.6690216064453,3.265275762519385,3,29.13644818493576,1.8957605694312947
1785389990998734000,746.1397341308593,79.8576935492456,0.30791454265507856,11.927642450059848,40.93766973980028,43.267693396657705,136.6690216064453,3.248912374686842,3,29.1364654798798,2.0613953872919484
1785389991998720800,747.139720703125,79.82042345684022,0.30793153067891216,10.547264586579914,40.937655122890206,43.23042330425233,136.6690216064453,3.2744000098694617,3,29.1364816018281,2.2647497290319625
1785389992998707200,748.1397072753906,79.73395963944495,0.30782725728185056,13.13289335555474,40.937643445557505,43.14395948685706,136.6690216064453,3.2966795018913646,3,29.136503877151824,1.8400671577111627
1785389993998693400,749.139693359375,79.75383504014462,0.3077815763977518,33.053392177994894,40.93764059825046,43.16383488755673,136.6690216064453,3.301658732151898,3,29.13650864707699,0.7501623239356732
1785389994998679600,750.1396794433593,79.71961269062012,0.30782455368421185,117.76128211062034,40.937639843283854,43.129612538032234,136.6690216064453,3.2987757971322695,3,29.136508315579945,0.21156637282275406
1785389995998665500,751.1396655273437,79.79680478665978,0.30690388509505845,180,40.93763756133494,43.20680463407189,136.6690216064453,3.2645703174230634,3,29.136513877618537,0.03955176007241591
1785389996998651600,752.1396516113281,79.97908060066402,0.3079061463092926,180,40.93763373929936,43.38908044807613,136.6690216064453,3.268589198544183,3,29.136514006713224,0.10892564416944252
1785389997998639000,753.1396391601562,79.86552521493286,0.30775940152024767,180,40.93763375402374,43.27552506234497,136.6690216064453,3.299267569708198,3,29.136513438720222,0.12757854429976942
1785389998998624300,754.1396242675781,79.99984496179968,0.30749560233300444,180,40.93763296642187,43.40984480921179,136.6690216064453,3.25383522613783,3,29.13651461476119,0.01780284773011706
1785389999998612000,755.1396120605468,80.03311455063522,0.30718055387259136,180,40.937632437139825,43.44311439804733,136.6690216064453,3.324407833741,3,29.136515130961648,0.024771410151652917
1785390000998597000,756.1395971679688,80.05884415376931,0.3077997181808887,99.48135477442227,40.93762706824188,43.468844001181424,136.6690216064453,3.318467250157873,3,29.13652132048638,0.2503708983609287
1785390001998584000,757.139583984375,80.08502615150064,0.3078130306313028,113.00287749749917,40.93762347123199,43.49502599891275,136.6690216064453,3.275884544849801,3,29.136518230042203,0.22044031079238874
1785390002998570200,758.1395703125,80.11972626019269,0.3077861534660372,112.02947041314727,40.93762100224217,43.5297261076048,136.6690216064453,3.35948757007329,3,29.136519022452287,0.22237455632815237
1785390003998556700,759.139556640625,80.15713790711015,0.30777379034464897,180,40.93762462305322,43.567137754522264,136.6690216064453,3.321157483340454,3,29.136516168722615,0
1785390004998542300,760.1395422363281,80.15713790711015,0.30777379034464897,180,40.93762462305322,43.567137754522264,136.6690216064453,3.617404973067659,3,29.136516168722615,0
1785390005998528500,761.1395285644531,80.15713790711015,0.30777379034464897,180,40.93762462305322,43.567137754522264,136.6690216064453,3.566556523582417,3,29.136516168722615,0
1785390006998515700,762.139515625,80.15713790711015,0.30777379034464897,180,40.93762462305322,43.567137754522264,136.6690216064453,3.5412733052699297,3,29.136516168722615,0
1785390007998502000,763.139501953125,80.15713790711015,0.30777379034464897,180,40.93762462305322,43.567137754522264,136.6690216064453,3.5066180120491786,3,29.136516168722615,0
1785390008998487800,764.1394877929688,80.15713790711015,0.30777379034464897,180,40.93762462305322,43.567137754522264,136.6690216064453,3.496490277468569,3,29.136516168722615,0
1785390009998474200,765.1394741210937,80.15713790711015,0.30777379034464897,180,40.93762462305322,43.567137754522264,136.6690216064453,3.485037777623082,3,29.136516168722615,0
1785390010999980000,766.1409799804687,80.15713790711015,0.30777379034464897,180,40.93762462305322,43.567137754522264,136.6690216064453,3.4944993704058605,3,29.136516168722615,0
1785390011999995100,767.1409951171875,80.15713790711015,0.30777379034464897,180,40.93762462305322,43.567137754522264,136.6690216064453,3.472779930768901,3,29.136516168722615,0
1785390012999984600,768.1409846191407,80.15713790711015,0.30777379034464897,180,40.93762462305322,43.567137754522264,136.6690216064453,3.463810657900666,3,29.136516168722615,0
1785390013999989500,769.1409895019531,80.15713790711015,0.30777379034464897,180,40.93762462305322,43.567137754522264,136.6690216064453,3.4950055368180997,3,29.136516168722615,0
1785390014999995100,770.1409951171875,80.15713790711015,0.30777379034464897,180,40.93762462305322,43.567137754522264,136.6690216064453,3.4202552599771945,3,29.136516168722615,0
1785390015999980800,771.1409807128906,80.15713790711015,0.30777379034464897,180,40.93762462305322,43.567137754522264,136.6690216064453,3.442436393057662,3,29.136516168722615,0
1785390016999987500,772.1409875488281,80.15713790711015,0.30777379034464897,180,40.93762462305322,43.567137754522264,136.6690216064453,3.4599819085538264,3,29.136516168722615,0
1785390017999995000,773.1409948730469,80.22860433068126,0.3069024264551661,160.6682773896075,40.93762362319517,43.638604178093374,136.6690216064453,3.4062028931429276,3,29.136522413366126,0.15514152743708842
1785390018999983000,774.1409831542969,80.15494753513485,0.3077473762113837,25.28625554411423,40.937617657879485,43.56494738254696,136.6690216064453,3.379868062904764,3,29.13653233067951,0.9858187070499299
1785390019999994400,775.1409943847656,80.07473170943558,0.3072826681670432,14.073319273028531,40.93760444384208,43.48473155684769,136.6690216064453,3.4029140242649536,3,29.136548109391892,1.7710195847477184
1785390021000000500,776.1410004882813,80.09368610568345,0.3074080627010455,12.802938824022714,40.937590635909814,43.503685953095555,136.6690216064453,3.3637120020019404,3,29.13656603830782,1.9463160112549045
1785390021999985700,777.1409855957031,80.19123953208327,0.30730317987146755,11.744486668376974,40.93757508110477,43.60123937949538,136.6690216064453,3.3395215203879474,3,29.136585215195847,2.12094884400349
1785390022999989000,778.1409890136719,80.2107970751822,0.3071134528014263,9.702679675441185,40.93755946616888,43.62079692259431,136.6690216064453,3.3795430530978336,3,29.136604051510517,2.5682761069391913
1785390023999996000,779.1409958496093,80.13768058363348,0.3069330957452624,8.404582572951492,40.93753958114904,43.54768043104559,136.6690216064453,3.3634279665476865,3,29.13662687261919,2.965576791901661
1785390024999981800,780.1409819335937,80.0679879123345,0.30650478947708193,7.254252643421176,40.937516959498595,43.47798775974661,136.6690216064453,3.337388148035234,3,29.1366548884364,3.4879026965661404
1785390025999966700,781.140966796875,80.11825419217348,0.3077618324035933,6.289143020440431,40.9374856192323,43.52825403958559,136.6690216064453,3.2803428704140263,3,29.136693410000866,4.420884261652299
1785390026999951400,782.1409514160156,80.13088246248662,0.3079904881670821,7.078037538326171,40.9374546596571,43.540882309898734,136.6690216064453,3.290280224275991,3,29.136729985671643,4.78577705782312
1785390027999936000,783.1409360351563,80.08503170125186,0.3080130419106575,7.247976095635467,40.93742393044221,43.495031548663974,136.6690216064453,3.299624304112022,3,29.13676602394561,4.600855234634303
1785390028999921400,784.1409213867188,79.92606481537223,0.3080096535495756,7.247367718099909,40.937394864500035,43.33606466278434,136.63690185546875,3.234643090246813,3,29.136801414590874,4.494223494820043
1785390029999907000,785.1409069824218,79.73843499924988,0.3079851094730742,7.061555309961743,40.93737192534652,43.148434846661985,136.63690185546875,3.255432558770077,3,29.136828281163694,3.749301197613379
1785390030999892700,786.1408928222656,79.60485289432108,0.30790548935197937,5.955089582525043,40.937348955299974,43.01485274173319,136.63690185546875,3.2309878793945663,3,29.136855891144705,3.275781447126365
1785390031999877400,787.1408774414062,79.45689317956567,0.3079009412846957,6.307808603320469,40.9373234066468,42.86689302697778,136.63690185546875,3.2083686243264897,3,29.13688526510637,3.7039626450241725
1785390032999863600,788.1408635253906,79.34933924395591,0.30794592228951134,7.094091817114604,40.937296558617646,42.75933909136802,137.04027838355404,3.1479501979052475,3,29.13692100893502,4.17292000852378
1785390033999849200,789.1408491210938,79.16669837385416,0.3079259870663908,7.022376443767502,40.93727186599409,42.57669822126627,136.82490672390242,3.0964323715839024,3,29.136949014241235,3.76610611268525
1785390034999833600,790.1408334960937,79.04270229488611,0.3078443047627801,5.708804639600739,40.93724777299608,42.45270214229822,136.63949047696983,3.164818521952752,3,29.136978563162533,3.3656425857334695
1785390035999819500,791.1408195800781,79.04335370939225,0.30787121977348747,5.905341438518689,40.93722558361989,42.45335355680436,136.46888237236845,3.1634083861834057,3,29.137006219578346,3.392227435484814
1785390036999804700,792.1408046875,79.05310180410743,0.3079192186508193,6.975653341217088,40.937200337386976,42.46310165151954,136.42867557409917,3.1655434974159746,3,29.13703891381045,3.9530604949321844
1785390037999791400,793.1407912597656,78.91001141723245,0.30793850367971476,7.072743554191804,40.93717499192491,42.32001126464456,136.5314276312428,3.1782165338521695,3,29.137071032885355,4.057611395078444
1785390038999776000,794.1407758789062,78.85093867499381,0.30791323436476953,6.993238342406742,40.93715018669454,42.26093852240592,136.4036899839927,3.1567281739511053,3,29.13710395199723,3.732747743850714
1785390039999762400,795.1407624511719,78.76998986676335,0.3079239977195738,6.994222341283195,40.93712265319205,42.17998971417546,136.75477600097656,3.1530777107178607,3,29.137138410462523,4.231470226974935
1785390040999748600,796.1407485351563,78.70656202733517,0.3079777713770123,6.700344334156295,40.93709024318949,42.116561874747276,136.75477600097656,3.128594889928891,3,29.137177269530913,4.814563051962633
1785390041999733000,797.1407329101562,78.67114064376801,0.30798679275649965,6.922612063035662,40.93706000974542,42.08114049118012,136.75961303710938,3.1039024626675396,3,29.137214941457273,4.6072254297387545
1785390042999719700,798.1407197265625,78.67105273995548,0.30799829047865535,7.040757491135666,40.93702972456718,42.081052587367594,136.75961303710938,3.1480501668920806,3,29.13725362422417,4.844897698777789
1785390043999705900,799.1407058105468,78.740941317752,0.30693170289925276,7.257020974911964,40.93699365445564,42.15094116516411,136.75961303710938,3.2098421167582365,3,29.13729872954058,5.49221174601833
1785390044999692000,800.1406921386719,79.1028776243329,0.3079390305999317,5.360237176206193,40.93695747749055,42.512877471745014,136.75961303710938,3.221020506937257,3,29.13735155855011,5.893555884910969
1785390045999678000,801.1406779785157,79.0583292460069,0.30797058245018605,6.197655883247665,40.93691943423358,42.468329093419015,136.75961303710938,3.226015484444056,3,29.13739838782863,5.672494647271581
1785390046999663400,802.1406633300782,79.13974308595061,0.30794176508240867,5.840766084110717,40.93688129747641,42.54974293336272,136.75961303710938,3.1887756609362494,3,29.13744419264267,5.791901336971356
1785390047999649500,803.1406494140625,79.1985999494791,0.30787192030006455,4.790511756703166,40.936837909122225,42.60859979689121,137.08230590820312,3.2110178894851207,3,29.137497588501716,6.465989443457128
1785390048999635000,804.1406350097657,79.17769456561655,0.3080000233767952,6.797046994533718,40.93678965966444,42.58769441302866,137.08230590820312,3.320384428126865,3,29.13755676020714,7.1690112146039295
1785390049999622100,805.1406220703125,79.32244312018156,0.30797281049100184,6.1915585294526005,40.93674165037248,42.73244296759367,137.08230590820312,3.3562317343649917,3,29.13761537167666,7.1278853189697
1785390050999607000,806.1406069335937,79.27762980852276,0.30783055007799787,4.523368012534813,40.93669420600328,42.68762965593487,137.08230590820312,3.1977259093536907,3,29.137670009572304,6.852532449465137
1785390051999592400,807.1405925292969,79.30251032020897,0.3078649383761547,4.870976848376488,40.936647262217534,42.712510167621076,137.08230590820312,3.3386736299756805,3,29.137727431202652,7.061772515811029
1785390052999579600,808.1405795898437,79.37744028866291,0.30784358995968436,4.723171449414468,40.93660095554494,42.78744013607502,137.08230590820312,3.413418846201866,3,29.137785641752096,7.085521812669945
1785390053999565000,809.1405649414063,78.90047578327358,0.30797636198914374,6.612593303726676,40.936559569507224,42.31047563068569,137.08230590820312,3.703206546079004,3,29.13782581250572,6.10767754520981
1785390054999551700,810.1405517578125,78.8201549956575,0.30801046441786784,7.201440561593373,40.93651969273567,42.23015484306961,137.08230590820312,3.626939925912662,3,29.13786937368742,5.504148599859762
1785390055999538400,811.1405383300781,78.7832524413243,0.30801193485821715,7.241052737902481,40.93648211412784,42.1932522887364,137.08230590820312,4.061457666816076,3,29.13791168372065,5.233758816105501
1785390056999523600,812.1405236816406,78.82873860839754,0.3080037235028326,7.1394488362420105,40.93644206536368,42.23873845580965,137.08230590820312,3.966324742125152,3,29.137957228106767,5.713616331364659
1785390057999509800,813.140509765625,78.86970600299537,0.3079752931579921,6.546724607366652,40.93639875727388,42.27970585040748,137.08230590820312,3.7142327087820406,3,29.13801334500925,6.302745837506365
1785390058999496000,814.1404958496094,78.93742722459137,0.30794657474187664,6.044114496432518,40.93635398778884,42.347427072003484,137.223876953125,3.815484141638701,3,29.13807124124751,6.649231083050879
1785390059999481300,815.1404814453125,78.30148168001324,0.3080092601794751,7.110320057338102,40.936308572670995,41.71148152742535,137.223876953125,3.7042725165879316,3,29.138122247016785,6.638792939246614
1785390060999468300,816.1404682617188,78.30781190190464,0.3079975285937541,6.804925572686628,40.936259158775144,41.71781174931675,137.223876953125,3.8126246726411037,3,29.13818326014841,7.553228397289082
1785390061999455000,817.140455078125,78.30902867205441,0.3077671359052452,4.353293083528959,40.936197645044345,41.71902851946652,137.223876953125,3.784991544111331,3,29.138252667266627,8.634501372465202
1785390062999440600,818.1404406738282,78.42857749201357,0.3077113883551902,6.943732889735466,40.93613694473483,41.83857733942568,137.223876953125,3.7265726401263968,3,29.138328693379645,8.934900888638929
1785390063999426800,819.1404267578125,78.08156591746956,0.30778881094252764,6.989959818529635,40.93607797064603,41.49156576488167,137.0550537109375,4.625593269877293,3.44775928593505,29.138397439094508,8.41710914006056
1785390064999412500,820.1404125976562,78.30761700682342,0.3079493621747414,7.021145754500605,40.93602315889865,41.71761685423553,137.0550537109375,3.728908849571492,3,29.13846014735046,7.9054814082910845
1785390065999400000,821.1403999023438,78.11615563370287,0.30799658437274263,7.19780410151972,40.9359710114978,41.526155481114984,137.352294921875,3.6243795001040677,3,29.138525237010345,7.76992320513938
1785390066999384300,822.1403842773437,77.86961575597525,0.3079818401443231,7.046473121801184,40.93592289901232,41.279615603387356,137.352294921875,3.9761947363609416,3,29.13858122124603,7.101056008995967
1785390067999371800,823.1403718261719,77.81133320648223,0.351716700848201,7.13803467641837,40.93587331075218,41.22133305389434,137.1021270751953,4.203642451443969,3,29.138637772692636,7.302272066226938
1785390068999357200,824.1403571777344,78.28866188414395,0.40321529440652565,7.257477271770917,40.935813545574845,41.69866173155606,139.2451934814453,4.370042462279842,3,29.13870535613812,8.644519280448597
1785390069999343900,825.14034375,77.8235311228782,0.4148191852315791,7.258420283065416,40.93574219324128,41.2335309702903,137.37454223632812,3.4937342003960077,3,29.138782581823385,9.55887783566755
1785390070999330600,826.1403305664063,78.36431235354394,0.3080106242454786,7.217092155161689,40.93566765709489,41.77431220095605,141.29546570320636,3.159063811341707,3,29.138850604950992,9.900567648278672
1785390071999315700,827.1403156738281,78.18262712750584,0.30800521251180263,7.219789000556228,40.93559816940362,41.59262697491795,141.73006062339763,3.121913839638782,3,29.13889380909897,8.906784705655419
1785390072999302400,828.1403024902344,77.75826936215162,0.308014787526084,7.255970139312665,40.935547957492176,41.16826920956373,144.14015896464005,4.245902333759201,3.3686161699750405,29.138942607980262,7.461081774381384
1785390073999287600,829.1402875976562,76.91670609079301,0.3078994682285916,5.99487113216618,40.93550499317724,40.32670593820512,145.62208637564183,4.304496360207732,3.438596782370422,29.138976266892065,5.771901673027774
1785390074999274800,830.1402746582031,76.58373869396746,0.3077970158038593,5.073465761279232,40.935480243381846,39.99373854137957,144.24858381566844,3.854914448772272,3.186811716772747,29.13900689626316,4.254647490417552
1785390075999260200,831.1402602539063,76.04600491560996,0.3078697213236373,5.856987524526827,40.93545804196218,39.456004763022065,143.95214959109185,3.8911968262902534,3.171585063106944,29.13903564933945,3.2487723050248425
1785390076999247400,832.1402473144532,76.00239602755755,0.3078199220031854,9.963294905935783,40.93547050134615,39.41239587496966,137.43211364746094,3.8732868755795207,3.3746629055448927,29.13906639262047,1.7672895991194433
1785390077999233300,833.1402333984375,75.86841715406626,0.30613310627876983,11.179442924677456,40.93546891803533,39.278417001478374,137.43211364746094,3.67629810260564,3.276033519660846,29.139068310393114,0.707385871778841
1785390078999219500,834.1402194824219,76.28919801674783,0.30464486929652074,12.616640060806725,40.935463590456415,39.69919786415994,137.43211364746094,3.511272101878049,3.3955227733517943,29.139060930895717,0.5208607774097811
1785390079999206000,835.1402058105468,76.42454337049276,0.3044369738310327,21.174232225540187,40.93546345052497,39.834543217904866,137.43211364746094,3.484385365370127,3.425327506914922,29.139062991144094,0.439097609886549
1785390080999191800,836.1401918945312,76.4866327252239,0.3039895035641239,41.35037445755551,40.93546573468025,39.89663257263601,137.43211364746094,3.3359468280679767,3.2460107344085394,29.139064544289354,0.3636518910065111
